ISO-10303-21;
HEADER;
FILE_DESCRIPTION (( 'STEP AP214' ),
    '1' );
FILE_NAME ('POD_TO-220-3L_HYME_rev_A.STEP',
    '2026-06-12T05:40:33',
    ( 'LENOVO' ),
    ( '' ),
    'SwSTEP 2.0',
    'SolidWorks 2021',
    '' );
FILE_SCHEMA (( 'AUTOMOTIVE_DESIGN' ));
ENDSEC;

DATA;
#1 = LINE ( 'NONE', #887, #2247 ) ;
#2 = VERTEX_POINT ( 'NONE', #1442 ) ;
#3 = EDGE_CURVE ( 'NONE', #1589, #249, #890, .T. ) ;
#4 = CARTESIAN_POINT ( 'NONE',  ( -4.880469490908097896, 12.56554675796159515, 2.285000000000000586 ) ) ;
#5 = ORIENTED_EDGE ( 'NONE', *, *, #494, .F. ) ;
#6 = EDGE_CURVE ( 'NONE', #1838, #692, #981, .T. ) ;
#7 = VECTOR ( 'NONE', #80, 1000.000000000000000 ) ;
#8 = ORIENTED_EDGE ( 'NONE', *, *, #1617, .F. ) ;
#9 = CARTESIAN_POINT ( 'NONE',  ( 2.745000000000002327, -9.599999999999999645, 0.4049999999999995826 ) ) ;
#10 = CARTESIAN_POINT ( 'NONE',  ( 5.080000000000000959, 19.50000000000000000, -1.014999999999999680 ) ) ;
#11 = LINE ( 'NONE', #570, #2228 ) ;
#12 = VERTEX_POINT ( 'NONE', #928 ) ;
#13 = EDGE_CURVE ( 'NONE', #1864, #1633, #945, .T. ) ;
#14 = CARTESIAN_POINT ( 'NONE',  ( 2.580000000000000071, 13.00000000000000178, -1.014999999999999680 ) ) ;
#15 = FACE_OUTER_BOUND ( 'NONE', #1906, .T. ) ;
#16 = ORIENTED_EDGE ( 'NONE', *, *, #1599, .T. ) ;
#17 = CARTESIAN_POINT ( 'NONE',  ( 0.000000000000000000, 0.000000000000000000, 0.7849999999999996980 ) ) ;
#18 = VECTOR ( 'NONE', #2029, 1000.000000000000000 ) ;
#19 = CARTESIAN_POINT ( 'NONE',  ( 3.273116995367965743, 12.00000000000000000, -1.015000000000000124 ) ) ;
#20 = ORIENTED_EDGE ( 'NONE', *, *, #584, .T. ) ;
#21 = VECTOR ( 'NONE', #803, 1000.000000000000000 ) ;
#22 = ORIENTED_EDGE ( 'NONE', *, *, #739, .T. ) ;
#23 = DIRECTION ( 'NONE',  ( 0.000000000000000000, -1.000000000000000000, -1.040711644278498427E-16 ) ) ;
#24 = STYLED_ITEM ( 'NONE', ( #1404 ), #1557 ) ;
#25 = VECTOR ( 'NONE', #768, 1000.000000000000000 ) ;
#26 = VERTEX_POINT ( 'NONE', #966 ) ;
#27 = CARTESIAN_POINT ( 'NONE',  ( 0.000000000000000000, 16.55999999999999872, -1.014999999999999680 ) ) ;
#28 = FACE_OUTER_BOUND ( 'NONE', #2249, .T. ) ;
#29 = MECHANICAL_DESIGN_GEOMETRIC_PRESENTATION_REPRESENTATION (  '', ( #1481 ), #941 ) ;
#30 = ORIENTED_EDGE ( 'NONE', *, *, #1885, .F. ) ;
#31 = CARTESIAN_POINT ( 'NONE',  ( -5.080000000000000071, 13.00000000000000178, -2.284999999999999254 ) ) ;
#32 = DIRECTION ( 'NONE',  ( -0.000000000000000000, -0.000000000000000000, -1.000000000000000000 ) ) ;
#33 = DIRECTION ( 'NONE',  ( -0.000000000000000000, 5.005171518229332485E-17, -1.000000000000000000 ) ) ;
#34 = ORIENTED_EDGE ( 'NONE', *, *, #2156, .F. ) ;
#35 = EDGE_CURVE ( 'NONE', #1646, #259, #1725, .T. ) ;
#36 = CARTESIAN_POINT ( 'NONE',  ( 3.273116995367965743, 12.00000000000000000, -2.284999999999999698 ) ) ;
#37 = ORIENTED_EDGE ( 'NONE', *, *, #1455, .T. ) ;
#38 = PLANE ( 'NONE',  #347 ) ;
#39 = VECTOR ( 'NONE', #1739, 1000.000000000000000 ) ;
#40 = EDGE_CURVE ( 'NONE', #277, #747, #975, .T. ) ;
#41 = VERTEX_POINT ( 'NONE', #1656 ) ;
#42 = CARTESIAN_POINT ( 'NONE',  ( -4.913122604568635587, 4.000952269481810042, 1.537120740292726717 ) ) ;
#43 = ADVANCED_FACE ( 'NONE', ( #1716 ), #630, .T. ) ;
#44 = VECTOR ( 'NONE', #49, 1000.000000000000000 ) ;
#45 = ORIENTED_EDGE ( 'NONE', *, *, #663, .T. ) ;
#46 = PLANE ( 'NONE',  #59 ) ;
#47 = VECTOR ( 'NONE', #846, 1000.000000000000000 ) ;
#48 = ORIENTED_EDGE ( 'NONE', *, *, #1954, .F. ) ;
#49 = DIRECTION ( 'NONE',  ( 1.000000000000000000, 0.000000000000000000, 0.000000000000000000 ) ) ;
#50 = CIRCLE ( 'NONE', #491, 1.919999999999998153 ) ;
#51 = ORIENTED_EDGE ( 'NONE', *, *, #1643, .F. ) ;
#52 = AXIS2_PLACEMENT_3D ( 'NONE', #2123, #1423, #708 ) ;
#53 = CARTESIAN_POINT ( 'NONE',  ( -3.273116995367965743, 12.00000000000000000, -1.015000000000000124 ) ) ;
#54 = DIRECTION ( 'NONE',  ( -1.384087879768729364E-16, 1.000000000000000000, 0.000000000000000000 ) ) ;
#55 = LINE ( 'NONE', #164, #1575 ) ;
#56 = PLANE ( 'NONE',  #908 ) ;
#57 = ORIENTED_EDGE ( 'NONE', *, *, #514, .F. ) ;
#58 = DIRECTION ( 'NONE',  ( -0.000000000000000000, 0.000000000000000000, 1.000000000000000000 ) ) ;
#59 = AXIS2_PLACEMENT_3D ( 'NONE', #205, #577, #1054 ) ;
#60 = VECTOR ( 'NONE', #1352, 1000.000000000000000 ) ;
#61 = ORIENTED_EDGE ( 'NONE', *, *, #1562, .F. ) ;
#62 = CARTESIAN_POINT ( 'NONE',  ( -3.175000000000000711, 4.099999999999999645, 0.7849999999999996980 ) ) ;
#63 = ADVANCED_FACE ( 'NONE', ( #243 ), #1113, .F. ) ;
#64 = LINE ( 'NONE', #371, #826 ) ;
#65 = ORIENTED_EDGE ( 'NONE', *, *, #352, .F. ) ;
#66 = DIRECTION ( 'NONE',  ( 0.000000000000000000, 1.000000000000000000, 0.000000000000000000 ) ) ;
#67 = STYLED_ITEM ( 'NONE', ( #1298 ), #834 ) ;
#68 = FACE_OUTER_BOUND ( 'NONE', #1191, .T. ) ;
#69 = ORIENTED_EDGE ( 'NONE', *, *, #140, .F. ) ;
#70 = DIRECTION ( 'NONE',  ( 0.000000000000000000, 5.005171518229332485E-17, -1.000000000000000000 ) ) ;
#71 = CARTESIAN_POINT ( 'NONE',  ( 5.080000000000000071, 13.00000000000000355, -1.015000000000000124 ) ) ;
#72 = COLOUR_RGB ( '',0.7921568627450980005, 0.8196078431372548767, 0.9333333333333333481 ) ;
#73 = DIRECTION ( 'NONE',  ( -1.000000000000000000, -0.000000000000000000, -0.000000000000000000 ) ) ;
#74 = ORIENTED_EDGE ( 'NONE', *, *, #1980, .T. ) ;
#75 =( NAMED_UNIT ( * ) SI_UNIT ( $, .STERADIAN. ) SOLID_ANGLE_UNIT ( ) );
#76 = DIRECTION ( 'NONE',  ( 0.000000000000000000, 5.005171518229332485E-17, -1.000000000000000000 ) ) ;
#77 = VECTOR ( 'NONE', #1226, 1000.000000000000227 ) ;
#78 = ORIENTED_EDGE ( 'NONE', *, *, #247, .T. ) ;
#79 = CARTESIAN_POINT ( 'NONE',  ( -5.080000000000000071, 13.00000000000000178, -1.014999999999999680 ) ) ;
#80 = DIRECTION ( 'NONE',  ( 1.000000000000000000, 6.196543734996283899E-16, -0.000000000000000000 ) ) ;
#81 = DIRECTION ( 'NONE',  ( -0.000000000000000000, -0.000000000000000000, -1.000000000000000000 ) ) ;
#82 = LINE ( 'NONE', #650, #802 ) ;
#83 = ORIENTED_EDGE ( 'NONE', *, *, #326, .F. ) ;
#84 = CARTESIAN_POINT ( 'NONE',  ( 0.6350000000000007860, 6.544092427675418123E-17, 0.7849999999999996980 ) ) ;
#85 = ADVANCED_FACE ( 'NONE', ( #224 ), #56, .F. ) ;
#86 = VECTOR ( 'NONE', #1058, 1000.000000000000114 ) ;
#87 = ORIENTED_EDGE ( 'NONE', *, *, #582, .T. ) ;
#88 = CARTESIAN_POINT ( 'NONE',  ( 2.580000000000000071, 12.00000000000000000, -1.015000000000000124 ) ) ;
#89 = CARTESIAN_POINT ( 'NONE',  ( -5.080000000000000071, 4.335344504884734995, -2.285000000000000142 ) ) ;
#90 = LINE ( 'NONE', #1544, #822 ) ;
#91 = VERTEX_POINT ( 'NONE', #742 ) ;
#92 = EDGE_CURVE ( 'NONE', #277, #259, #1711, .T. ) ;
#93 = DIRECTION ( 'NONE',  ( -0.000000000000000000, -0.000000000000000000, -1.000000000000000000 ) ) ;
#94 = EDGE_CURVE ( 'NONE', #1940, #1456, #1001, .T. ) ;
#95 = CIRCLE ( 'NONE', #1708, 0.5999999999999999778 ) ;
#96 = ORIENTED_EDGE ( 'NONE', *, *, #922, .F. ) ;
#97 = DIRECTION ( 'NONE',  ( 1.000000000000000000, 0.000000000000000000, 0.000000000000000000 ) ) ;
#98 = DIRECTION ( 'NONE',  ( -0.000000000000000000, -0.000000000000000000, -1.000000000000000000 ) ) ;
#99 = FACE_OUTER_BOUND ( 'NONE', #1168, .T. ) ;
#100 = EDGE_CURVE ( 'NONE', #967, #240, #273, .T. ) ;
#101 = ORIENTED_EDGE ( 'NONE', *, *, #1511, .F. ) ;
#102 = DIRECTION ( 'NONE',  ( 0.000000000000000000, 0.08715574274765838791, 0.9961946980917455452 ) ) ;
#103 = VERTEX_POINT ( 'NONE', #1998 ) ;
#104 = DIRECTION ( 'NONE',  ( -0.9981347984218670311, 0.06104853953485692153, 3.055584113093632597E-18 ) ) ;
#105 = ORIENTED_EDGE ( 'NONE', *, *, #2180, .F. ) ;
#106 = DIRECTION ( 'NONE',  ( -0.000000000000000000, -0.000000000000000000, -1.000000000000000000 ) ) ;
#107 = CARTESIAN_POINT ( 'NONE',  ( -2.694222958124177993E-16, 11.09999999999999964, 2.184999999999999609 ) ) ;
#108 = ORIENTED_EDGE ( 'NONE', *, *, #1797, .F. ) ;
#109 = DIRECTION ( 'NONE',  ( 1.000000000000000000, 1.224646799147351975E-16, -0.000000000000000000 ) ) ;
#110 = VERTEX_POINT ( 'NONE', #432 ) ;
#111 = DIRECTION ( 'NONE',  ( 0.7071067811865467956, -0.7071067811865483499, -0.000000000000000000 ) ) ;
#112 = DIRECTION ( 'NONE',  ( 1.000000000000000000, -0.000000000000000000, -0.000000000000000000 ) ) ;
#113 = AXIS2_PLACEMENT_3D ( 'NONE', #467, #104, #115 ) ;
#114 = ORIENTED_EDGE ( 'NONE', *, *, #514, .T. ) ;
#115 = DIRECTION ( 'NONE',  ( -0.06104853953485692153, -0.9981347984218670311, 0.000000000000000000 ) ) ;
#116 = ORIENTED_EDGE ( 'NONE', *, *, #1797, .T. ) ;
#117 = SHAPE_DEFINITION_REPRESENTATION ( #972, #834 ) ;
#118 = CARTESIAN_POINT ( 'NONE',  ( 2.580000000000000071, 12.00000000000000000, -2.284999999999999698 ) ) ;
#119 = SURFACE_SIDE_STYLE ('',( #784 ) ) ;
#120 = DIRECTION ( 'NONE',  ( -0.000000000000000000, -0.000000000000000000, -1.000000000000000000 ) ) ;
#121 = EDGE_LOOP ( 'NONE', ( #791, #1034, #688, #2205 ) ) ;
#122 = EDGE_CURVE ( 'NONE', #1112, #402, #1772, .T. ) ;
#123 = DIRECTION ( 'NONE',  ( 1.000000000000000000, 0.000000000000000000, 0.000000000000000000 ) ) ;
#124 = EDGE_LOOP ( 'NONE', ( #1033, #1128, #173, #16 ) ) ;
#125 = CARTESIAN_POINT ( 'NONE',  ( -2.580000000000000071, 13.00000000000000178, -1.014999999999999680 ) ) ;
#126 = VERTEX_POINT ( 'NONE', #455 ) ;
#127 = DIRECTION ( 'NONE',  ( 0.000000000000000000, 0.000000000000000000, -1.000000000000000000 ) ) ;
#128 = VERTEX_POINT ( 'NONE', #602 ) ;
#129 = CARTESIAN_POINT ( 'NONE',  ( -2.945000000000000284, -6.192234283457061542E-17, 0.7849999999999996980 ) ) ;
#130 = AXIS2_PLACEMENT_3D ( 'NONE', #245, #2012, #1985 ) ;
#131 = VECTOR ( 'NONE', #587, 1000.000000000000000 ) ;
#132 = CARTESIAN_POINT ( 'NONE',  ( 1.905000000000000471, 4.099999999999999645, 0.7849999999999996980 ) ) ;
#133 = CARTESIAN_POINT ( 'NONE',  ( 0.000000000000000000, 16.55999999999999872, -1.014999999999999680 ) ) ;
#134 = AXIS2_PLACEMENT_3D ( 'NONE', #913, #593, #2132 ) ;
#135 = ADVANCED_FACE ( 'NONE', ( #984 ), #1374, .F. ) ;
#136 = ORIENTED_EDGE ( 'NONE', *, *, #1351, .F. ) ;
#137 = DIRECTION ( 'NONE',  ( -1.224646799147351975E-16, 1.000000000000000000, 0.000000000000000000 ) ) ;
#138 = DIRECTION ( 'NONE',  ( -1.000000000000000000, -0.000000000000000000, -0.000000000000000000 ) ) ;
#139 = VERTEX_POINT ( 'NONE', #1677 ) ;
#140 = EDGE_CURVE ( 'NONE', #1950, #773, #1042, .T. ) ;
#141 = AXIS2_PLACEMENT_3D ( 'NONE', #939, #1437, #102 ) ;
#142 = ORIENTED_EDGE ( 'NONE', *, *, #1511, .T. ) ;
#143 = EDGE_CURVE ( 'NONE', #1137, #1705, #263, .T. ) ;
#144 = ORIENTED_EDGE ( 'NONE', *, *, #957, .F. ) ;
#145 = DIRECTION ( 'NONE',  ( 0.000000000000000000, 0.000000000000000000, -1.000000000000000000 ) ) ;
#146 = ORIENTED_EDGE ( 'NONE', *, *, #94, .T. ) ;
#147 = DIRECTION ( 'NONE',  ( 1.057758217059028854E-16, -1.000000000000000000, -0.000000000000000000 ) ) ;
#148 = ADVANCED_FACE ( 'NONE', ( #1742 ), #686, .F. ) ;
#149 = DIRECTION ( 'NONE',  ( 0.7071067811865467956, -0.7071067811865483499, -0.000000000000000000 ) ) ;
#150 = AXIS2_PLACEMENT_3D ( 'NONE', #470, #1622, #1305 ) ;
#151 = LINE ( 'NONE', #1254, #1664 ) ;
#152 = DIRECTION ( 'NONE',  ( 0.000000000000000000, 5.005171518229332485E-17, -1.000000000000000000 ) ) ;
#153 = AXIS2_PLACEMENT_3D ( 'NONE', #730, #2016, #552 ) ;
#154 = CARTESIAN_POINT ( 'NONE',  ( -3.175000000000000711, 4.099999999999999645, 0.7849999999999996980 ) ) ;
#155 = EDGE_CURVE ( 'NONE', #1489, #290, #969, .T. ) ;
#156 = CARTESIAN_POINT ( 'NONE',  ( 2.945000000000001172, 3.727404789636499658E-17, 0.7849999999999996980 ) ) ;
#157 = EDGE_CURVE ( 'NONE', #438, #1633, #1762, .T. ) ;
#158 = LINE ( 'NONE', #1402, #915 ) ;
#159 = EDGE_CURVE ( 'NONE', #1727, #714, #1783, .T. ) ;
#160 = DIRECTION ( 'NONE',  ( 1.000000000000000000, 1.224646799147353454E-16, -0.000000000000000000 ) ) ;
#161 = DIRECTION ( 'NONE',  ( 1.000000000000000000, 0.000000000000000000, 0.000000000000000000 ) ) ;
#162 = DIRECTION ( 'NONE',  ( -1.000000000000000000, -1.224646799147352221E-16, 0.000000000000000000 ) ) ;
#163 = PLANE ( 'NONE',  #52 ) ;
#164 = CARTESIAN_POINT ( 'NONE',  ( 2.335000000000002629, -9.599999999999999645, 0.4049999999999995826 ) ) ;
#165 = ORIENTED_EDGE ( 'NONE', *, *, #1567, .F. ) ;
#166 = CARTESIAN_POINT ( 'NONE',  ( 2.335000000000002629, -9.599999999999999645, 0.7849999999999996980 ) ) ;
#167 = AXIS2_PLACEMENT_3D ( 'NONE', #1918, #306, #882 ) ;
#168 = DIRECTION ( 'NONE',  ( -1.000000000000000000, 0.000000000000000000, 0.000000000000000000 ) ) ;
#169 = DIRECTION ( 'NONE',  ( 0.000000000000000000, 5.005171518229332485E-17, -1.000000000000000000 ) ) ;
#170 = ORIENTED_EDGE ( 'NONE', *, *, #1863, .F. ) ;
#171 = FACE_OUTER_BOUND ( 'NONE', #982, .T. ) ;
#172 = CARTESIAN_POINT ( 'NONE',  ( -0.6349999999999996758, -9.008921921495973845E-17, 0.7849999999999996980 ) ) ;
#173 = ORIENTED_EDGE ( 'NONE', *, *, #1079, .T. ) ;
#174 = ORIENTED_EDGE ( 'NONE', *, *, #1620, .T. ) ;
#175 = EDGE_CURVE ( 'NONE', #1178, #1685, #257, .T. ) ;
#176 = VECTOR ( 'NONE', #1821, 1000.000000000000000 ) ;
#177 = DIRECTION ( 'NONE',  ( 2.115516434118057462E-16, -1.000000000000000000, 0.000000000000000000 ) ) ;
#178 = VERTEX_POINT ( 'NONE', #1735 ) ;
#179 = ORIENTED_EDGE ( 'NONE', *, *, #918, .F. ) ;
#180 = ORIENTED_EDGE ( 'NONE', *, *, #1933, .T. ) ;
#181 = CARTESIAN_POINT ( 'NONE',  ( -2.580000000000000071, 12.00000000000000000, -1.015000000000000124 ) ) ;
#182 = EDGE_CURVE ( 'NONE', #1127, #692, #1035, .T. ) ;
#183 = PLANE ( 'NONE',  #150 ) ;
#184 = ORIENTED_EDGE ( 'NONE', *, *, #615, .T. ) ;
#185 = ORIENTED_EDGE ( 'NONE', *, *, #2087, .T. ) ;
#186 = ORIENTED_EDGE ( 'NONE', *, *, #1256, .F. ) ;
#187 = DIRECTION ( 'NONE',  ( 1.000000000000000000, -0.000000000000000000, -0.000000000000000000 ) ) ;
#188 = VERTEX_POINT ( 'NONE', #376 ) ;
#189 = ORIENTED_EDGE ( 'NONE', *, *, #159, .T. ) ;
#190 = FACE_OUTER_BOUND ( 'NONE', #278, .T. ) ;
#191 = CARTESIAN_POINT ( 'NONE',  ( -2.580000000000000071, 13.00000000000000178, -2.284999999999999254 ) ) ;
#192 = CLOSED_SHELL ( 'NONE', ( #303, #1472, #2082, #415, #705, #921, #435, #135, #781, #1520, #2122, #323 ) ) ;
#193 = VERTEX_POINT ( 'NONE', #1537 ) ;
#194 = LINE ( 'NONE', #2212, #1032 ) ;
#195 = CARTESIAN_POINT ( 'NONE',  ( 3.529999999999999805, 7.800000000000001599, -1.015000000000000124 ) ) ;
#196 = DIRECTION ( 'NONE',  ( 0.04361938736533296085, 1.364623939851124154E-15, 0.9990482215818579093 ) ) ;
#197 = VERTEX_POINT ( 'NONE', #987 ) ;
#198 = ORIENTED_EDGE ( 'NONE', *, *, #1395, .F. ) ;
#199 = VECTOR ( 'NONE', #841, 1000.000000000000000 ) ;
#200 = CARTESIAN_POINT ( 'NONE',  ( 0.4050000000000013034, -9.399999999999998579, 0.7849999999999996980 ) ) ;
#201 = ORIENTED_EDGE ( 'NONE', *, *, #1567, .T. ) ;
#202 = ORIENTED_EDGE ( 'NONE', *, *, #1209, .F. ) ;
#203 = FACE_OUTER_BOUND ( 'NONE', #1636, .T. ) ;
#204 = EDGE_CURVE ( 'NONE', #1180, #413, #194, .T. ) ;
#205 = CARTESIAN_POINT ( 'NONE',  ( 0.000000000000000000, 0.000000000000000000, 0.4049999999999995826 ) ) ;
#206 = ORIENTED_EDGE ( 'NONE', *, *, #1091, .T. ) ;
#207 = ORIENTED_EDGE ( 'NONE', *, *, #2235, .F. ) ;
#208 = VECTOR ( 'NONE', #1937, 1000.000000000000000 ) ;
#209 = EDGE_CURVE ( 'NONE', #1652, #1156, #276, .T. ) ;
#210 = ORIENTED_EDGE ( 'NONE', *, *, #838, .F. ) ;
#211 = ORIENTED_EDGE ( 'NONE', *, *, #922, .T. ) ;
#212 = ADVANCED_FACE ( 'NONE', ( #1777 ), #2163, .F. ) ;
#213 = VECTOR ( 'NONE', #1479, 1000.000000000000000 ) ;
#214 = CARTESIAN_POINT ( 'NONE',  ( -3.175000000000000266, 2.426441030956585629E-17, 0.4049999999999995826 ) ) ;
#215 = DIRECTION ( 'NONE',  ( -1.334402673828313339E-16, -1.000000000000000000, 0.000000000000000000 ) ) ;
#216 = EDGE_LOOP ( 'NONE', ( #1093, #895, #292, #1207 ) ) ;
#217 = ORIENTED_EDGE ( 'NONE', *, *, #1327, .F. ) ;
#218 = VECTOR ( 'NONE', #1834, 1000.000000000000000 ) ;
#219 = AXIS2_PLACEMENT_3D ( 'NONE', #1350, #1957, #379 ) ;
#220 = CARTESIAN_POINT ( 'NONE',  ( -3.175000000000000711, 4.099999999999999645, 0.7849999999999996980 ) ) ;
#221 = CARTESIAN_POINT ( 'NONE',  ( 3.175000000000000711, 4.099999999999999645, 0.4049999999999995826 ) ) ;
#222 = EDGE_LOOP ( 'NONE', ( #1787, #411, #266, #201 ) ) ;
#223 = ORIENTED_EDGE ( 'NONE', *, *, #880, .F. ) ;
#224 = FACE_OUTER_BOUND ( 'NONE', #1050, .T. ) ;
#225 = PLANE ( 'NONE',  #2124 ) ;
#226 = DIRECTION ( 'NONE',  ( 0.000000000000000000, 5.005171518229332485E-17, -1.000000000000000000 ) ) ;
#227 = DIRECTION ( 'NONE',  ( -1.000000000000000000, -1.334402673828313339E-16, -6.678914256894539340E-33 ) ) ;
#228 = ORIENTED_EDGE ( 'NONE', *, *, #453, .F. ) ;
#229 = ORIENTED_EDGE ( 'NONE', *, *, #1154, .F. ) ;
#230 = VECTOR ( 'NONE', #1243, 1000.000000000000000 ) ;
#231 = PLANE ( 'NONE',  #2105 ) ;
#232 = EDGE_LOOP ( 'NONE', ( #61, #381, #179, #999, #1601, #1167, #963, #1090, #229, #854 ) ) ;
#233 = ORIENTED_EDGE ( 'NONE', *, *, #1980, .F. ) ;
#234 = VECTOR ( 'NONE', #1169, 1000.000000000000000 ) ;
#235 = VERTEX_POINT ( 'NONE', #1121 ) ;
#236 = AXIS2_PLACEMENT_3D ( 'NONE', #1302, #600, #710 ) ;
#237 = ADVANCED_FACE ( 'NONE', ( #203 ), #1140, .F. ) ;
#238 = CARTESIAN_POINT ( 'NONE',  ( 0.6350000000000007860, 6.544092427675418123E-17, 0.7849999999999996980 ) ) ;
#239 = DIRECTION ( 'NONE',  ( -1.000000000000000000, -0.000000000000000000, -0.000000000000000000 ) ) ;
#240 = VERTEX_POINT ( 'NONE', #1310 ) ;
#241 = EDGE_LOOP ( 'NONE', ( #48, #165, #114, #369 ) ) ;
#242 = ADVANCED_FACE ( 'NONE', ( #190 ), #1824, .F. ) ;
#243 = FACE_OUTER_BOUND ( 'NONE', #998, .T. ) ;
#244 = DIRECTION ( 'NONE',  ( -1.334402673828313339E-16, 1.000000000000000000, -0.000000000000000000 ) ) ;
#245 = CARTESIAN_POINT ( 'NONE',  ( 0.000000000000000000, 0.000000000000000000, 0.000000000000000000 ) ) ;
#246 = PLANE ( 'NONE',  #448 ) ;
#247 = EDGE_CURVE ( 'NONE', #1876, #1897, #1756, .T. ) ;
#248 = ORIENTED_EDGE ( 'NONE', *, *, #293, .F. ) ;
#249 = VERTEX_POINT ( 'NONE', #1294 ) ;
#250 = VECTOR ( 'NONE', #1449, 1000.000000000000000 ) ;
#251 = DIRECTION ( 'NONE',  ( 0.000000000000000000, 5.005171518229332485E-17, -1.000000000000000000 ) ) ;
#252 = ORIENTED_EDGE ( 'NONE', *, *, #1425, .T. ) ;
#253 = DIRECTION ( 'NONE',  ( -1.000000000000000000, -1.586637325588543158E-16, 0.000000000000000000 ) ) ;
#254 = ORIENTED_EDGE ( 'NONE', *, *, #157, .T. ) ;
#255 = ORIENTED_EDGE ( 'NONE', *, *, #690, .T. ) ;
#256 = DIRECTION ( 'NONE',  ( 0.000000000000000000, 1.000000000000000000, -0.000000000000000000 ) ) ;
#257 = LINE ( 'NONE', #1388, #199 ) ;
#258 = EDGE_CURVE ( 'NONE', #1704, #128, #1729, .T. ) ;
#259 = VERTEX_POINT ( 'NONE', #1803 ) ;
#260 = UNCERTAINTY_MEASURE_WITH_UNIT (LENGTH_MEASURE( 1.000000000000000082E-05 ), #443, 'distance_accuracy_value', 'NONE');
#261 = ORIENTED_EDGE ( 'NONE', *, *, #827, .F. ) ;
#262 = ORIENTED_EDGE ( 'NONE', *, *, #1620, .F. ) ;
#263 = LINE ( 'NONE', #1360, #1706 ) ;
#264 = AXIS2_PLACEMENT_3D ( 'NONE', #1630, #601, #177 ) ;
#265 = DIRECTION ( 'NONE',  ( 1.000000000000000000, -3.747250136701582908E-16, -0.000000000000000000 ) ) ;
#266 = ORIENTED_EDGE ( 'NONE', *, *, #2081, .T. ) ;
#267 = ORIENTED_EDGE ( 'NONE', *, *, #320, .F. ) ;
#268 = VECTOR ( 'NONE', #168, 1000.000000000000000 ) ;
#269 = CARTESIAN_POINT ( 'NONE',  ( 3.529999999999999805, 7.800000000000001599, -1.015000000000000124 ) ) ;
#270 = ADVANCED_FACE ( 'NONE', ( #1767 ), #2002, .F. ) ;
#271 = VERTEX_POINT ( 'NONE', #2146 ) ;
#272 = ORIENTED_EDGE ( 'NONE', *, *, #2005, .F. ) ;
#273 = LINE ( 'NONE', #1621, #1734 ) ;
#274 = ORIENTED_EDGE ( 'NONE', *, *, #609, .F. ) ;
#275 = ORIENTED_EDGE ( 'NONE', *, *, #977, .T. ) ;
#276 = LINE ( 'NONE', #2106, #1016 ) ;
#277 = VERTEX_POINT ( 'NONE', #62 ) ;
#278 = EDGE_LOOP ( 'NONE', ( #333, #1869, #1710, #1522 ) ) ;
#279 = VECTOR ( 'NONE', #440, 1000.000000000000000 ) ;
#280 = ORIENTED_EDGE ( 'NONE', *, *, #1376, .T. ) ;
#281 = AXIS2_PLACEMENT_3D ( 'NONE', #426, #2006, #2149 ) ;
#282 = CARTESIAN_POINT ( 'NONE',  ( 3.273116995367965743, 12.00000000000000000, -1.015000000000000124 ) ) ;
#283 = ORIENTED_EDGE ( 'NONE', *, *, #1079, .F. ) ;
#284 = ORIENTED_EDGE ( 'NONE', *, *, #2047, .F. ) ;
#285 = VECTOR ( 'NONE', #1967, 1000.000000000000000 ) ;
#286 = DIRECTION ( 'NONE',  ( 9.227252531791529091E-17, -1.000000000000000000, 0.000000000000000000 ) ) ;
#287 = EDGE_CURVE ( 'NONE', #1175, #1940, #1794, .T. ) ;
#288 = CARTESIAN_POINT ( 'NONE',  ( 5.080000000000000071, 13.00000000000000355, -1.015000000000000124 ) ) ;
#289 = VERTEX_POINT ( 'NONE', #893 ) ;
#290 = VERTEX_POINT ( 'NONE', #904 ) ;
#291 = DIRECTION ( 'NONE',  ( 1.000000000000000000, 6.196543734996283899E-16, -0.000000000000000000 ) ) ;
#292 = ORIENTED_EDGE ( 'NONE', *, *, #1188, .F. ) ;
#293 = EDGE_CURVE ( 'NONE', #235, #91, #951, .T. ) ;
#294 = CARTESIAN_POINT ( 'NONE',  ( -2.694222958124177993E-16, 11.09999999999999964, 2.284999999999999254 ) ) ;
#295 = ORIENTED_EDGE ( 'NONE', *, *, #1259, .F. ) ;
#296 = ORIENTED_EDGE ( 'NONE', *, *, #709, .F. ) ;
#297 = PLANE ( 'NONE',  #1505 ) ;
#298 = ORIENTED_EDGE ( 'NONE', *, *, #1634, .F. ) ;
#299 = AXIS2_PLACEMENT_3D ( 'NONE', #1331, #328, #1206 ) ;
#300 = DIRECTION ( 'NONE',  ( -1.000000000000000000, 0.000000000000000000, 0.000000000000000000 ) ) ;
#301 = DIRECTION ( 'NONE',  ( -1.000000000000000000, -0.000000000000000000, 0.000000000000000000 ) ) ;
#302 = EDGE_LOOP ( 'NONE', ( #1609, #296, #1701, #1039 ) ) ;
#303 = ADVANCED_FACE ( 'NONE', ( #1028 ), #2117, .F. ) ;
#304 = VERTEX_POINT ( 'NONE', #1583 ) ;
#305 = EDGE_LOOP ( 'NONE', ( #949, #874, #170, #1642 ) ) ;
#306 = DIRECTION ( 'NONE',  ( -0.7071067811865483499, 0.7071067811865467956, 0.000000000000000000 ) ) ;
#307 = CARTESIAN_POINT ( 'NONE',  ( 4.962552063576095129, 4.099999999999999645, 0.4050000000000003597 ) ) ;
#308 = VERTEX_POINT ( 'NONE', #1435 ) ;
#309 = ORIENTED_EDGE ( 'NONE', *, *, #567, .T. ) ;
#310 = DIRECTION ( 'NONE',  ( 0.000000000000000000, -1.000000000000000000, -5.005171518229332485E-17 ) ) ;
#311 = ORIENTED_EDGE ( 'NONE', *, *, #182, .T. ) ;
#312 = CARTESIAN_POINT ( 'NONE',  ( 3.273116995367965743, 12.00000000000000000, -1.015000000000000124 ) ) ;
#313 = ORIENTED_EDGE ( 'NONE', *, *, #644, .T. ) ;
#314 = PLANE ( 'NONE',  #1215 ) ;
#315 = DIRECTION ( 'NONE',  ( 0.000000000000000000, 0.000000000000000000, 1.000000000000000000 ) ) ;
#316 = EDGE_CURVE ( 'NONE', #747, #341, #1789, .T. ) ;
#317 = EDGE_LOOP ( 'NONE', ( #394, #1771, #974, #795 ) ) ;
#318 = ORIENTED_EDGE ( 'NONE', *, *, #1562, .T. ) ;
#319 = ORIENTED_EDGE ( 'NONE', *, *, #1533, .F. ) ;
#320 = EDGE_CURVE ( 'NONE', #413, #773, #956, .T. ) ;
#321 = EDGE_CURVE ( 'NONE', #1633, #1940, #1801, .T. ) ;
#322 = CARTESIAN_POINT ( 'NONE',  ( 3.273116995367965743, 12.00000000000000000, -1.015000000000000124 ) ) ;
#323 = ADVANCED_FACE ( 'NONE', ( #1385 ), #46, .T. ) ;
#324 = ORIENTED_EDGE ( 'NONE', *, *, #385, .T. ) ;
#325 = EDGE_LOOP ( 'NONE', ( #943, #1138, #1682, #1775 ) ) ;
#326 = EDGE_CURVE ( 'NONE', #1932, #12, #647, .T. ) ;
#327 = ORIENTED_EDGE ( 'NONE', *, *, #1617, .T. ) ;
#328 = DIRECTION ( 'NONE',  ( 0.000000000000000000, 1.000000000000000000, 5.005171518229332485E-17 ) ) ;
#329 = ORIENTED_EDGE ( 'NONE', *, *, #1829, .T. ) ;
#330 = CARTESIAN_POINT ( 'NONE',  ( 5.080000000000000071, 4.335344504884734995, -2.285000000000000142 ) ) ;
#331 = ORIENTED_EDGE ( 'NONE', *, *, #1429, .F. ) ;
#332 = ORIENTED_EDGE ( 'NONE', *, *, #1535, .F. ) ;
#333 = ORIENTED_EDGE ( 'NONE', *, *, #1400, .T. ) ;
#334 = ORIENTED_EDGE ( 'NONE', *, *, #1543, .T. ) ;
#335 = ORIENTED_EDGE ( 'NONE', *, *, #1164, .F. ) ;
#336 = ORIENTED_EDGE ( 'NONE', *, *, #918, .T. ) ;
#337 = ADVANCED_FACE ( 'NONE', ( #1411 ), #2109, .F. ) ;
#338 = CARTESIAN_POINT ( 'NONE',  ( -2.694222958124177993E-16, 11.09999999999999964, 2.184999999999999609 ) ) ;
#339 = VERTEX_POINT ( 'NONE', #1681 ) ;
#340 = CARTESIAN_POINT ( 'NONE',  ( 3.175000000000001599, 6.544092427675418123E-17, 0.7849999999999996980 ) ) ;
#341 = VERTEX_POINT ( 'NONE', #129 ) ;
#342 = ORIENTED_EDGE ( 'NONE', *, *, #1665, .F. ) ;
#343 = PRODUCT_DEFINITION ( 'UNKNOWN', '', #1012, #2068 ) ;
#344 = ORIENTED_EDGE ( 'NONE', *, *, #1188, .T. ) ;
#345 = ORIENTED_EDGE ( 'NONE', *, *, #1117, .T. ) ;
#346 = EDGE_LOOP ( 'NONE', ( #1166, #1930, #868, #354, #862, #142, #1051, #368, #1826, #1115 ) ) ;
#347 = AXIS2_PLACEMENT_3D ( 'NONE', #1271, #430, #2010 ) ;
#348 = CARTESIAN_POINT ( 'NONE',  ( -3.175000000000000266, 2.426441030956585629E-17, 0.4049999999999995826 ) ) ;
#349 = EDGE_LOOP ( 'NONE', ( #721, #1766 ) ) ;
#350 = ORIENTED_EDGE ( 'NONE', *, *, #2160, .F. ) ;
#351 = ORIENTED_EDGE ( 'NONE', *, *, #538, .F. ) ;
#352 = EDGE_CURVE ( 'NONE', #1119, #1919, #2173, .T. ) ;
#353 = DIRECTION ( 'NONE',  ( 0.04324691840335662119, 0.1304040737894978097, -0.9905172798026879999 ) ) ;
#354 = ORIENTED_EDGE ( 'NONE', *, *, #316, .T. ) ;
#355 = ORIENTED_EDGE ( 'NONE', *, *, #2156, .T. ) ;
#356 = ORIENTED_EDGE ( 'NONE', *, *, #1370, .F. ) ;
#357 = MECHANICAL_DESIGN_GEOMETRIC_PRESENTATION_REPRESENTATION (  '', ( #986 ), #1912 ) ;
#358 = CARTESIAN_POINT ( 'NONE',  ( 0.4050000000000004152, 3.727404789636499658E-17, 0.4049999999999995826 ) ) ;
#359 = ORIENTED_EDGE ( 'NONE', *, *, #35, .F. ) ;
#360 = PLANE ( 'NONE',  #1288 ) ;
#361 = VERTEX_POINT ( 'NONE', #1525 ) ;
#362 = ORIENTED_EDGE ( 'NONE', *, *, #412, .T. ) ;
#363 = ADVANCED_FACE ( 'NONE', ( #1434 ), #360, .F. ) ;
#364 = ORIENTED_EDGE ( 'NONE', *, *, #1120, .F. ) ;
#365 = VERTEX_POINT ( 'NONE', #533 ) ;
#366 = ORIENTED_EDGE ( 'NONE', *, *, #2129, .T. ) ;
#367 = DIRECTION ( 'NONE',  ( 1.000000000000000000, 1.224646799147351975E-16, -0.000000000000000000 ) ) ;
#368 = ORIENTED_EDGE ( 'NONE', *, *, #1261, .T. ) ;
#369 = ORIENTED_EDGE ( 'NONE', *, *, #2216, .T. ) ;
#370 = ORIENTED_EDGE ( 'NONE', *, *, #542, .T. ) ;
#371 = CARTESIAN_POINT ( 'NONE',  ( -2.944999999999998952, -9.399999999999998579, 0.7849999999999996980 ) ) ;
#372 = DIRECTION ( 'NONE',  ( 0.7071067811865483499, 0.7071067811865467956, -0.000000000000000000 ) ) ;
#373 = EDGE_LOOP ( 'NONE', ( #954, #1732, #174, #345, #973, #1157, #930, #1631, #254, #1857, #146, #857 ) ) ;
#374 = ORIENTED_EDGE ( 'NONE', *, *, #1120, .T. ) ;
#375 = VERTEX_POINT ( 'NONE', #1904 ) ;
#376 = CARTESIAN_POINT ( 'NONE',  ( 5.080000000000000071, 13.00000000000000178, -2.284999999999999254 ) ) ;
#377 = MECHANICAL_DESIGN_GEOMETRIC_PRESENTATION_REPRESENTATION (  '', ( #67 ), #852 ) ;
#378 = VERTEX_POINT ( 'NONE', #1392 ) ;
#379 = DIRECTION ( 'NONE',  ( -1.000000000000000000, 3.747250136701582415E-16, 0.000000000000000000 ) ) ;
#380 = EDGE_LOOP ( 'NONE', ( #892, #1959, #431, #424 ) ) ;
#381 = ORIENTED_EDGE ( 'NONE', *, *, #1829, .F. ) ;
#382 =( NAMED_UNIT ( * ) SI_UNIT ( $, .STERADIAN. ) SOLID_ANGLE_UNIT ( ) );
#383 = DIRECTION ( 'NONE',  ( 0.06104853953485692153, -0.9981347984218670311, 0.000000000000000000 ) ) ;
#384 = EDGE_LOOP ( 'NONE', ( #1845, #1036, #718, #1896 ) ) ;
#385 = EDGE_CURVE ( 'NONE', #1458, #1714, #2145, .T. ) ;
#386 = ORIENTED_EDGE ( 'NONE', *, *, #1091, .F. ) ;
#387 = PLANE ( 'NONE',  #1219 ) ;
#388 = ORIENTED_EDGE ( 'NONE', *, *, #1460, .T. ) ;
#389 = ORIENTED_EDGE ( 'NONE', *, *, #1539, .F. ) ;
#390 = AXIS2_PLACEMENT_3D ( 'NONE', #338, #1348, #161 ) ;
#391 = CARTESIAN_POINT ( 'NONE',  ( 5.005742604257979345, 12.94328752933294702, -0.5842260176879094935 ) ) ;
#392 = EDGE_LOOP ( 'NONE', ( #1584, #1733, #331, #1025 ) ) ;
#393 = ORIENTED_EDGE ( 'NONE', *, *, #885, .T. ) ;
#394 = ORIENTED_EDGE ( 'NONE', *, *, #453, .T. ) ;
#395 = EDGE_CURVE ( 'NONE', #1156, #197, #2137, .T. ) ;
#396 = CARTESIAN_POINT ( 'NONE',  ( 1.905000000000000915, -9.008921921495973845E-17, 0.7849999999999996980 ) ) ;
#397 = ORIENTED_EDGE ( 'NONE', *, *, #1680, .F. ) ;
#398 = ORIENTED_EDGE ( 'NONE', *, *, #519, .T. ) ;
#399 = ORIENTED_EDGE ( 'NONE', *, *, #352, .T. ) ;
#400 = DIRECTION ( 'NONE',  ( 1.000000000000000000, 1.384087879768729364E-16, -0.000000000000000000 ) ) ;
#401 = ORIENTED_EDGE ( 'NONE', *, *, #447, .F. ) ;
#402 = VERTEX_POINT ( 'NONE', #872 ) ;
#403 = DIRECTION ( 'NONE',  ( 0.000000000000000000, 1.000000000000000000, 0.000000000000000000 ) ) ;
#404 = CARTESIAN_POINT ( 'NONE',  ( 5.080000000000000071, 4.099999999999999645, 0.4050000000000003597 ) ) ;
#405 = VERTEX_POINT ( 'NONE', #172 ) ;
#406 = EDGE_LOOP ( 'NONE', ( #261, #1715, #1723, #1547 ) ) ;
#407 = AXIS2_PLACEMENT_3D ( 'NONE', #485, #520, #678 ) ;
#408 = DIRECTION ( 'NONE',  ( -0.04345371644180910653, -0.08707341902108689524, -0.9952537335912752248 ) ) ;
#409 = PLANE ( 'NONE',  #1972 ) ;
#410 = VERTEX_POINT ( 'NONE', #829 ) ;
#411 = ORIENTED_EDGE ( 'NONE', *, *, #1236, .F. ) ;
#412 = EDGE_CURVE ( 'NONE', #1690, #1853, #618, .T. ) ;
#413 = VERTEX_POINT ( 'NONE', #1245 ) ;
#414 = ORIENTED_EDGE ( 'NONE', *, *, #316, .F. ) ;
#415 = ADVANCED_FACE ( 'NONE', ( #637 ), #858, .F. ) ;
#416 = ORIENTED_EDGE ( 'NONE', *, *, #320, .T. ) ;
#417 = EDGE_LOOP ( 'NONE', ( #1842, #1185, #108, #934, #364, #144, #1173, #881, #1071, #359 ) ) ;
#418 = DIRECTION ( 'NONE',  ( -1.224646799147353454E-16, 1.000000000000000000, 0.000000000000000000 ) ) ;
#419 = DIRECTION ( 'NONE',  ( -0.7071067811865460184, -0.7071067811865490160, 0.000000000000000000 ) ) ;
#420 = VERTEX_POINT ( 'NONE', #4 ) ;
#421 = LINE ( 'NONE', #452, #1960 ) ;
#422 = DIRECTION ( 'NONE',  ( 0.7071067811865467956, 0.7071067811865483499, -0.000000000000000000 ) ) ;
#423 = CARTESIAN_POINT ( 'NONE',  ( 3.175000000000001599, 6.544092427675418123E-17, 0.7849999999999996980 ) ) ;
#424 = ORIENTED_EDGE ( 'NONE', *, *, #2110, .T. ) ;
#425 = VECTOR ( 'NONE', #239, 1000.000000000000000 ) ;
#426 = CARTESIAN_POINT ( 'NONE',  ( 2.580000000000000071, 13.00000000000000178, -1.014999999999999680 ) ) ;
#427 = EDGE_LOOP ( 'NONE', ( #1698, #184 ) ) ;
#428 = VECTOR ( 'NONE', #1078, 1000.000000000000000 ) ;
#429 = DIRECTION ( 'NONE',  ( -0.000000000000000000, -0.000000000000000000, -1.000000000000000000 ) ) ;
#430 = DIRECTION ( 'NONE',  ( -0.000000000000000000, 1.000000000000000000, 5.005171518229332485E-17 ) ) ;
#431 = ORIENTED_EDGE ( 'NONE', *, *, #1717, .F. ) ;
#432 = CARTESIAN_POINT ( 'NONE',  ( 2.945000000000001172, 3.727404789636499658E-17, 0.4049999999999995826 ) ) ;
#433 = VECTOR ( 'NONE', #1874, 1000.000000000000000 ) ;
#434 =( NAMED_UNIT ( * ) PLANE_ANGLE_UNIT ( ) SI_UNIT ( $, .RADIAN. ) );
#435 = ADVANCED_FACE ( 'NONE', ( #2169 ), #1070, .F. ) ;
#436 = PLANE ( 'NONE',  #1823 ) ;
#437 = AXIS2_PLACEMENT_3D ( 'NONE', #1382, #315, #1929 ) ;
#438 = VERTEX_POINT ( 'NONE', #1587 ) ;
#439 = LINE ( 'NONE', #1251, #2001 ) ;
#440 = DIRECTION ( 'NONE',  ( -0.000000000000000000, -0.000000000000000000, -1.000000000000000000 ) ) ;
#441 = CARTESIAN_POINT ( 'NONE',  ( 2.580000000000000071, 12.00000000000000000, -1.015000000000000124 ) ) ;
#442 = DIRECTION ( 'NONE',  ( -1.586637325588543158E-16, 1.000000000000000000, -0.000000000000000000 ) ) ;
#443 =( LENGTH_UNIT ( ) NAMED_UNIT ( * ) SI_UNIT ( .MILLI., .METRE. ) );
#444 = EDGE_LOOP ( 'NONE', ( #116, #1898, #1895, #1792 ) ) ;
#445 = VECTOR ( 'NONE', #2071, 1000.000000000000114 ) ;
#446 = PLANE ( 'NONE',  #281 ) ;
#447 = EDGE_CURVE ( 'NONE', #1027, #2252, #2192, .T. ) ;
#448 = AXIS2_PLACEMENT_3D ( 'NONE', #778, #2127, #1638 ) ;
#449 = VERTEX_POINT ( 'NONE', #1013 ) ;
#450 = VECTOR ( 'NONE', #1459, 1000.000000000000000 ) ;
#451 = DIRECTION ( 'NONE',  ( 1.000000000000000000, 1.224646799147352221E-16, -0.000000000000000000 ) ) ;
#452 = CARTESIAN_POINT ( 'NONE',  ( -0.2049999999999981559, -9.599999999999999645, 0.7849999999999996980 ) ) ;
#453 = EDGE_CURVE ( 'NONE', #1705, #1156, #1440, .T. ) ;
#454 = VERTEX_POINT ( 'NONE', #1979 ) ;
#455 = CARTESIAN_POINT ( 'NONE',  ( -5.024550602506178798, 13.00000000000000355, -1.015000000000000124 ) ) ;
#456 = FACE_OUTER_BOUND ( 'NONE', #1811, .T. ) ;
#457 = DIRECTION ( 'NONE',  ( -0.7071067811865490160, 0.7071067811865460184, 0.000000000000000000 ) ) ;
#458 = UNCERTAINTY_MEASURE_WITH_UNIT (LENGTH_MEASURE( 1.000000000000000082E-05 ), #1805, 'distance_accuracy_value', 'NONE');
#459 = EDGE_LOOP ( 'NONE', ( #1141, #1031, #1592, #211 ) ) ;
#460 = LINE ( 'NONE', #1174, #562 ) ;
#461 = CARTESIAN_POINT ( 'NONE',  ( 0.4050000000000013034, -9.399999999999998579, 0.7849999999999996980 ) ) ;
#462 = ADVANCED_FACE ( 'NONE', ( #624 ), #231, .T. ) ;
#463 = FACE_OUTER_BOUND ( 'NONE', #1695, .T. ) ;
#464 = DIRECTION ( 'NONE',  ( 0.000000000000000000, -1.000000000000000000, -4.336808689942013792E-16 ) ) ;
#465 = FACE_OUTER_BOUND ( 'NONE', #444, .T. ) ;
#466 = AXIS2_PLACEMENT_3D ( 'NONE', #594, #227, #1468 ) ;
#467 = CARTESIAN_POINT ( 'NONE',  ( -3.273116995367965743, 12.00000000000000000, -1.015000000000000124 ) ) ;
#468 = CARTESIAN_POINT ( 'NONE',  ( 0.6350000000000007860, 6.544092427675418123E-17, 0.7849999999999996980 ) ) ;
#469 = FACE_OUTER_BOUND ( 'NONE', #305, .T. ) ;
#470 = CARTESIAN_POINT ( 'NONE',  ( 2.135000000000002451, -9.399999999999998579, 0.7849999999999996980 ) ) ;
#471 = EDGE_CURVE ( 'NONE', #1704, #1830, #1373, .T. ) ;
#472 = DIRECTION ( 'NONE',  ( 0.06104853953485692153, 0.9981347984218670311, -0.000000000000000000 ) ) ;
#473 = LINE ( 'NONE', #2077, #1196 ) ;
#474 = CARTESIAN_POINT ( 'NONE',  ( -1.904999999999999805, 1.797945538012797575E-16, 0.7849999999999996980 ) ) ;
#475 = DIRECTION ( 'NONE',  ( -0.000000000000000000, -0.000000000000000000, -1.000000000000000000 ) ) ;
#476 = MANIFOLD_SOLID_BREP ( 'Boss-Extrude3[3]', #1619 ) ;
#477 = VECTOR ( 'NONE', #367, 1000.000000000000000 ) ;
#478 = DIRECTION ( 'NONE',  ( 0.000000000000000000, 0.000000000000000000, 1.000000000000000000 ) ) ;
#479 = AXIS2_PLACEMENT_3D ( 'NONE', #1907, #2202, #2061 ) ;
#480 = FACE_OUTER_BOUND ( 'NONE', #1858, .T. ) ;
#481 = EDGE_CURVE ( 'NONE', #1211, #339, #1426, .T. ) ;
#482 = VECTOR ( 'NONE', #927, 1000.000000000000000 ) ;
#483 = CARTESIAN_POINT ( 'NONE',  ( -5.080000000000000959, 19.50000000000000000, -1.014999999999999680 ) ) ;
#484 = VECTOR ( 'NONE', #1413, 1000.000000000000000 ) ;
#485 = CARTESIAN_POINT ( 'NONE',  ( 5.080000000000000071, 13.00000000000000178, -2.285000000000000142 ) ) ;
#486 = CARTESIAN_POINT ( 'NONE',  ( 0.000000000000000000, 0.000000000000000000, 0.4049999999999995826 ) ) ;
#487 = LINE ( 'NONE', #489, #2004 ) ;
#488 = CARTESIAN_POINT ( 'NONE',  ( 0.4050000000000013034, -9.399999999999998579, 0.4049999999999995826 ) ) ;
#489 = CARTESIAN_POINT ( 'NONE',  ( 2.745000000000002327, -9.599999999999999645, 0.7849999999999996980 ) ) ;
#490 = PRESENTATION_STYLE_ASSIGNMENT (( #1614 ) ) ;
#491 = AXIS2_PLACEMENT_3D ( 'NONE', #27, #712, #403 ) ;
#492 = VECTOR ( 'NONE', #2210, 1000.000000000000114 ) ;
#493 = PLANE ( 'NONE',  #1851 ) ;
#494 = EDGE_CURVE ( 'NONE', #1963, #26, #672, .T. ) ;
#495 = DIRECTION ( 'NONE',  ( 0.000000000000000000, -0.08715574274765822138, 0.9961946980917455452 ) ) ;
#496 = LINE ( 'NONE', #1974, #1255 ) ;
#497 = DIRECTION ( 'NONE',  ( -1.334402673828313339E-16, 1.000000000000000000, -0.000000000000000000 ) ) ;
#498 = VECTOR ( 'NONE', #1482, 1000.000000000000000 ) ;
#499 = FACE_OUTER_BOUND ( 'NONE', #302, .T. ) ;
#500 = EDGE_CURVE ( 'NONE', #1755, #1489, #677, .T. ) ;
#501 = CARTESIAN_POINT ( 'NONE',  ( 4.880469490908098784, 12.56554675796159515, 2.285000000000000586 ) ) ;
#502 = CYLINDRICAL_SURFACE ( 'NONE', #390, 0.5999999999999999778 ) ;
#503 = CARTESIAN_POINT ( 'NONE',  ( 0.6350000000000001199, 4.099999999999999645, 0.7849999999999996980 ) ) ;
#504 = VECTOR ( 'NONE', #1920, 1000.000000000000000 ) ;
#505 = DIRECTION ( 'NONE',  ( -1.000000000000000000, 0.000000000000000000, -0.000000000000000000 ) ) ;
#506 = FACE_OUTER_BOUND ( 'NONE', #1862, .T. ) ;
#507 = DIRECTION ( 'NONE',  ( 0.000000000000000000, 1.000000000000000000, -0.000000000000000000 ) ) ;
#508 = FACE_OUTER_BOUND ( 'NONE', #1148, .T. ) ;
#509 = SURFACE_SIDE_STYLE ('',( #816 ) ) ;
#510 = PLANE ( 'NONE',  #2174 ) ;
#511 = VECTOR ( 'NONE', #149, 1000.000000000000000 ) ;
#512 = AXIS2_PLACEMENT_3D ( 'NONE', #200, #457, #419 ) ;
#513 = VECTOR ( 'NONE', #442, 1000.000000000000000 ) ;
#514 = EDGE_CURVE ( 'NONE', #449, #1852, #2162, .T. ) ;
#515 = VECTOR ( 'NONE', #635, 1000.000000000000114 ) ;
#516 = EDGE_CURVE ( 'NONE', #2240, #770, #2148, .T. ) ;
#517 = DIRECTION ( 'NONE',  ( 1.057758217059028854E-16, -1.000000000000000000, -0.000000000000000000 ) ) ;
#518 = LINE ( 'NONE', #2226, #1313 ) ;
#519 = EDGE_CURVE ( 'NONE', #1897, #782, #1398, .T. ) ;
#520 = DIRECTION ( 'NONE',  ( 0.000000000000000000, -1.000000000000000000, 1.365923996832131412E-15 ) ) ;
#521 = DIRECTION ( 'NONE',  ( 0.000000000000000000, -0.000000000000000000, -1.000000000000000000 ) ) ;
#522 = LINE ( 'NONE', #1406, #1312 ) ;
#523 = ADVANCED_FACE ( 'NONE', ( #2151, #1428 ), #1333, .T. ) ;
#524 = PLANE ( 'NONE',  #1325 ) ;
#525 = PLANE ( 'NONE',  #786 ) ;
#526 = VECTOR ( 'NONE', #1718, 1000.000000000000000 ) ;
#527 = DIRECTION ( 'NONE',  ( 0.000000000000000000, -1.000000000000000000, -5.005171518229332485E-17 ) ) ;
#528 = LINE ( 'NONE', #1151, #531 ) ;
#529 = UNCERTAINTY_MEASURE_WITH_UNIT (LENGTH_MEASURE( 1.000000000000000082E-05 ), #2245, 'distance_accuracy_value', 'NONE');
#530 = DIRECTION ( 'NONE',  ( -1.000000000000000000, -0.000000000000000000, -0.000000000000000000 ) ) ;
#531 = VECTOR ( 'NONE', #946, 1000.000000000000000 ) ;
#532 = CARTESIAN_POINT ( 'NONE',  ( 1.905000000000000915, -9.008921921495973845E-17, 0.4049999999999995826 ) ) ;
#533 = CARTESIAN_POINT ( 'NONE',  ( -0.2049999999999981559, -9.599999999999999645, 0.7849999999999996980 ) ) ;
#534 = VECTOR ( 'NONE', #1281, 1000.000000000000000 ) ;
#535 = PLANE ( 'NONE',  #479 ) ;
#536 = CARTESIAN_POINT ( 'NONE',  ( 0.4050000000000013034, -9.399999999999998579, 0.7849999999999996980 ) ) ;
#537 = FACE_OUTER_BOUND ( 'NONE', #1850, .T. ) ;
#538 = EDGE_CURVE ( 'NONE', #139, #193, #2116, .T. ) ;
#539 = SURFACE_STYLE_FILL_AREA ( #1135 ) ;
#540 = VECTOR ( 'NONE', #81, 1000.000000000000000 ) ;
#541 = ADVANCED_FACE ( 'NONE', ( #2182 ), #525, .F. ) ;
#542 = EDGE_CURVE ( 'NONE', #896, #1211, #664, .T. ) ;
#543 = LINE ( 'NONE', #870, #511 ) ;
#544 = FACE_OUTER_BOUND ( 'NONE', #1570, .T. ) ;
#545 = EDGE_CURVE ( 'NONE', #1118, #738, #649, .T. ) ;
#546 = VECTOR ( 'NONE', #717, 1000.000000000000000 ) ;
#547 = CARTESIAN_POINT ( 'NONE',  ( 3.529999999999999805, 7.800000000000001599, -2.284999999999999698 ) ) ;
#548 = VECTOR ( 'NONE', #1082, 1000.000000000000000 ) ;
#549 = CARTESIAN_POINT ( 'NONE',  ( -2.134999999999998899, -9.399999999999998579, 0.4049999999999995826 ) ) ;
#550 = CARTESIAN_POINT ( 'NONE',  ( 3.273116995367965743, 12.00000000000000000, -1.015000000000000124 ) ) ;
#551 = SURFACE_STYLE_FILL_AREA ( #905 ) ;
#552 = DIRECTION ( 'NONE',  ( 0.000000000000000000, -1.365923996832131412E-15, -1.000000000000000000 ) ) ;
#553 = AXIS2_PLACEMENT_3D ( 'NONE', #154, #1396, #521 ) ;
#554 = DIRECTION ( 'NONE',  ( -1.224646799147352221E-16, 1.000000000000000000, 0.000000000000000000 ) ) ;
#555 = VECTOR ( 'NONE', #2178, 1000.000000000000000 ) ;
#556 = EDGE_CURVE ( 'NONE', #1699, #884, #2155, .T. ) ;
#557 = LINE ( 'NONE', #1177, #1347 ) ;
#558 = CARTESIAN_POINT ( 'NONE',  ( -2.135000000000000231, 3.727404789636499042E-17, 0.7849999999999996980 ) ) ;
#559 = LINE ( 'NONE', #2051, #586 ) ;
#560 = DIRECTION ( 'NONE',  ( 0.000000000000000000, 5.005171518229332485E-17, -1.000000000000000000 ) ) ;
#561 = EDGE_CURVE ( 'NONE', #1538, #308, #1438, .T. ) ;
#562 = VECTOR ( 'NONE', #472, 1000.000000000000114 ) ;
#563 = CARTESIAN_POINT ( 'NONE',  ( 5.080000000000000071, 13.00000000000000178, -2.284999999999999254 ) ) ;
#564 = LINE ( 'NONE', #1868, #2107 ) ;
#565 = DIRECTION ( 'NONE',  ( 0.000000000000000000, -1.000000000000000000, 0.000000000000000000 ) ) ;
#566 = CARTESIAN_POINT ( 'NONE',  ( -1.904999999999999805, 1.797945538012797575E-16, 0.4049999999999995826 ) ) ;
#567 = EDGE_CURVE ( 'NONE', #290, #1127, #1409, .T. ) ;
#568 = FACE_OUTER_BOUND ( 'NONE', #1087, .T. ) ;
#569 = LINE ( 'NONE', #1353, #555 ) ;
#570 = CARTESIAN_POINT ( 'NONE',  ( -2.580000000000000071, 13.00000000000000178, -1.014999999999999680 ) ) ;
#571 = DIRECTION ( 'NONE',  ( 0.7071067811865460184, 0.7071067811865490160, -0.000000000000000000 ) ) ;
#572 = CYLINDRICAL_SURFACE ( 'NONE', #897, 1.919999999999998153 ) ;
#573 = DIRECTION ( 'NONE',  ( -1.000000000000000000, -1.224646799147353454E-16, 0.000000000000000000 ) ) ;
#574 = PLANE ( 'NONE',  #1043 ) ;
#575 = VECTOR ( 'NONE', #93, 1000.000000000000000 ) ;
#576 = MECHANICAL_DESIGN_GEOMETRIC_PRESENTATION_REPRESENTATION (  '', ( #24 ), #2102 ) ;
#577 = DIRECTION ( 'NONE',  ( 0.000000000000000000, 0.000000000000000000, -1.000000000000000000 ) ) ;
#578 = CARTESIAN_POINT ( 'NONE',  ( -0.4049999999999995270, -6.192234283457061542E-17, 0.4049999999999995826 ) ) ;
#579 = ADVANCED_FACE ( 'NONE', ( #2119 ), #1062, .F. ) ;
#580 = CARTESIAN_POINT ( 'NONE',  ( -1.905000000000000471, 4.099999999999999645, 0.4049999999999995826 ) ) ;
#581 = LINE ( 'NONE', #1155, #1364 ) ;
#582 = EDGE_CURVE ( 'NONE', #1812, #1102, #487, .T. ) ;
#583 = LINE ( 'NONE', #1819, #2118 ) ;
#584 = EDGE_CURVE ( 'NONE', #413, #2244, #1235, .T. ) ;
#585 = EDGE_CURVE ( 'NONE', #1130, #1118, #1199, .T. ) ;
#586 = VECTOR ( 'NONE', #2204, 1000.000000000000000 ) ;
#587 = DIRECTION ( 'NONE',  ( 0.000000000000000000, 5.005171518229332485E-17, -1.000000000000000000 ) ) ;
#588 =( NAMED_UNIT ( * ) SI_UNIT ( $, .STERADIAN. ) SOLID_ANGLE_UNIT ( ) );
#589 = AXIS2_PLACEMENT_3D ( 'NONE', #1037, #2217, #1670 ) ;
#590 = CARTESIAN_POINT ( 'NONE',  ( -3.273116995367965743, 12.00000000000000000, -1.015000000000000124 ) ) ;
#591 = DIRECTION ( 'NONE',  ( -1.000000000000000000, -9.227252531791529091E-17, 0.000000000000000000 ) ) ;
#592 = LINE ( 'NONE', #2157, #2128 ) ;
#593 = DIRECTION ( 'NONE',  ( 0.000000000000000000, -1.000000000000000000, 0.000000000000000000 ) ) ;
#594 = CARTESIAN_POINT ( 'NONE',  ( -5.080000000000000959, 19.50000000000000000, -1.014999999999999680 ) ) ;
#595 = DIRECTION ( 'NONE',  ( 0.7071067811865460184, 0.7071067811865490160, -0.000000000000000000 ) ) ;
#596 = FACE_OUTER_BOUND ( 'NONE', #384, .T. ) ;
#597 = CARTESIAN_POINT ( 'NONE',  ( 2.351321854362917389E-16, 14.63999999999999879, -1.014999999999999680 ) ) ;
#598 = ADVANCED_FACE ( 'NONE', ( #456 ), #1518, .F. ) ;
#599 = FACE_OUTER_BOUND ( 'NONE', #1740, .T. ) ;
#600 = DIRECTION ( 'NONE',  ( 1.000000000000000000, -1.334402673828313339E-16, -6.678914256894539340E-33 ) ) ;
#601 = DIRECTION ( 'NONE',  ( -1.000000000000000000, -2.115516434118057462E-16, 0.000000000000000000 ) ) ;
#602 = CARTESIAN_POINT ( 'NONE',  ( -3.529999999999999805, 7.800000000000001599, -1.015000000000000124 ) ) ;
#603 = CARTESIAN_POINT ( 'NONE',  ( -1.904999999999999805, 1.797945538012797575E-16, 0.7849999999999996980 ) ) ;
#604 = VECTOR ( 'NONE', #475, 1000.000000000000000 ) ;
#605 = DIRECTION ( 'NONE',  ( 0.000000000000000000, -0.000000000000000000, -1.000000000000000000 ) ) ;
#606 = CARTESIAN_POINT ( 'NONE',  ( -2.694222958124177993E-16, 11.09999999999999964, 2.184999999999999609 ) ) ;
#607 = DIRECTION ( 'NONE',  ( -0.000000000000000000, 1.000000000000000000, 4.336808689942013792E-16 ) ) ;
#608 = FACE_OUTER_BOUND ( 'NONE', #1938, .T. ) ;
#609 = EDGE_CURVE ( 'NONE', #289, #2200, #473, .T. ) ;
#610 = EDGE_CURVE ( 'NONE', #1699, #188, #1989, .T. ) ;
#611 = LINE ( 'NONE', #1162, #604 ) ;
#612 = VECTOR ( 'NONE', #138, 1000.000000000000000 ) ;
#613 = ADVANCED_FACE ( 'NONE', ( #499 ), #2090, .F. ) ;
#614 = CARTESIAN_POINT ( 'NONE',  ( -2.135000000000000231, 3.727404789636499042E-17, 0.7849999999999996980 ) ) ;
#615 = EDGE_CURVE ( 'NONE', #1581, #1027, #1946, .T. ) ;
#616 = CARTESIAN_POINT ( 'NONE',  ( -3.175000000000000711, 4.099999999999999645, 0.4049999999999995826 ) ) ;
#617 = DIRECTION ( 'NONE',  ( 1.000000000000000000, 0.000000000000000000, 0.000000000000000000 ) ) ;
#618 = LINE ( 'NONE', #396, #1417 ) ;
#619 = DIRECTION ( 'NONE',  ( 0.000000000000000000, -0.000000000000000000, 1.000000000000000000 ) ) ;
#620 = VECTOR ( 'NONE', #1650, 1000.000000000000000 ) ;
#621 = PRESENTATION_STYLE_ASSIGNMENT (( #1282 ) ) ;
#622 = CARTESIAN_POINT ( 'NONE',  ( -3.175000000000000266, 2.426441030956585629E-17, 0.7849999999999996980 ) ) ;
#623 = VECTOR ( 'NONE', #98, 1000.000000000000000 ) ;
#624 = FACE_OUTER_BOUND ( 'NONE', #241, .T. ) ;
#625 = LINE ( 'NONE', #488, #1379 ) ;
#626 = AXIS2_PLACEMENT_3D ( 'NONE', #1703, #831, #1925 ) ;
#627 = VECTOR ( 'NONE', #33, 1000.000000000000000 ) ;
#628 = DIRECTION ( 'NONE',  ( 1.000000000000000000, 0.000000000000000000, 0.000000000000000000 ) ) ;
#629 = CARTESIAN_POINT ( 'NONE',  ( -5.080000000000000959, 19.50000000000000000, -1.014999999999999680 ) ) ;
#630 = PLANE ( 'NONE',  #659 ) ;
#631 = CARTESIAN_POINT ( 'NONE',  ( 0.6350000000000001199, 4.099999999999999645, 0.7849999999999996980 ) ) ;
#632 = VECTOR ( 'NONE', #923, 1000.000000000000000 ) ;
#633 = EDGE_CURVE ( 'NONE', #405, #26, #1232, .T. ) ;
#634 = ADVANCED_FACE ( 'NONE', ( #463 ), #910, .T. ) ;
#635 = DIRECTION ( 'NONE',  ( 0.06104853953485692153, 0.9981347984218670311, -0.000000000000000000 ) ) ;
#636 = LINE ( 'NONE', #597, #1387 ) ;
#637 = FACE_OUTER_BOUND ( 'NONE', #1002, .T. ) ;
#638 = CARTESIAN_POINT ( 'NONE',  ( 2.745000000000002327, -9.599999999999999645, 0.4049999999999995826 ) ) ;
#639 = PLANE ( 'NONE',  #299 ) ;
#640 = EDGE_CURVE ( 'NONE', #1861, #1519, #439, .T. ) ;
#641 = LINE ( 'NONE', #1563, #1416 ) ;
#642 = VECTOR ( 'NONE', #2237, 1000.000000000000000 ) ;
#643 = VECTOR ( 'NONE', #1224, 1000.000000000000000 ) ;
#644 = EDGE_CURVE ( 'NONE', #1965, #1870, #2009, .T. ) ;
#645 = CARTESIAN_POINT ( 'NONE',  ( 0.000000000000000000, 0.000000000000000000, 0.7849999999999996980 ) ) ;
#646 = VECTOR ( 'NONE', #1517, 1000.000000000000000 ) ;
#647 = LINE ( 'NONE', #2074, #2164 ) ;
#648 = LINE ( 'NONE', #1837, #2133 ) ;
#649 = LINE ( 'NONE', #849, #1405 ) ;
#650 = CARTESIAN_POINT ( 'NONE',  ( 2.135000000000001119, -6.192234283457061542E-17, 0.7849999999999996980 ) ) ;
#651 = DIRECTION ( 'NONE',  ( -1.000000000000000000, -0.000000000000000000, -0.000000000000000000 ) ) ;
#652 = FACE_OUTER_BOUND ( 'NONE', #1747, .T. ) ;
#653 = DIRECTION ( 'NONE',  ( 0.000000000000000000, 0.000000000000000000, -1.000000000000000000 ) ) ;
#654 = DIRECTION ( 'NONE',  ( 1.586637325588543158E-16, -1.000000000000000000, 0.000000000000000000 ) ) ;
#655 = VECTOR ( 'NONE', #1023, 1000.000000000000000 ) ;
#656 = AXIS2_PLACEMENT_3D ( 'NONE', #486, #145, #787 ) ;
#657 = VECTOR ( 'NONE', #2170, 1000.000000000000000 ) ;
#658 = ADVANCED_FACE ( 'NONE', ( #1239 ), #387, .F. ) ;
#659 = AXIS2_PLACEMENT_3D ( 'NONE', #1865, #811, #2186 ) ;
#660 = CARTESIAN_POINT ( 'NONE',  ( 0.4050000000000004152, 3.727404789636499658E-17, 0.7849999999999996980 ) ) ;
#661 = VECTOR ( 'NONE', #676, 1000.000000000000000 ) ;
#662 = FACE_OUTER_BOUND ( 'NONE', #865, .T. ) ;
#663 = EDGE_CURVE ( 'NONE', #1163, #962, #1249, .T. ) ;
#664 = LINE ( 'NONE', #156, #675 ) ;
#665 = CARTESIAN_POINT ( 'NONE',  ( -3.273116995367965743, 12.00000000000000000, -1.015000000000000124 ) ) ;
#666 = CARTESIAN_POINT ( 'NONE',  ( 5.080000000000000071, 12.56554675796159515, 2.285000000000000586 ) ) ;
#667 = FACE_BOUND ( 'NONE', #427, .T. ) ;
#668 = CARTESIAN_POINT ( 'NONE',  ( 2.135000000000002451, -9.399999999999998579, 0.7849999999999996980 ) ) ;
#669 = DIRECTION ( 'NONE',  ( 0.000000000000000000, 1.000000000000000000, -0.000000000000000000 ) ) ;
#670 = COLOUR_RGB ( '',0.7921568627450980005, 0.8196078431372548767, 0.9333333333333333481 ) ;
#671 = AXIS2_PLACEMENT_3D ( 'NONE', #614, #1346, #1901 ) ;
#672 = LINE ( 'NONE', #1453, #1415 ) ;
#673 = DIRECTION ( 'NONE',  ( -0.000000000000000000, -0.000000000000000000, -1.000000000000000000 ) ) ;
#674 = LINE ( 'NONE', #754, #1452 ) ;
#675 = VECTOR ( 'NONE', #1343, 1000.000000000000000 ) ;
#676 = DIRECTION ( 'NONE',  ( 1.384087879768729364E-16, -1.000000000000000000, -0.000000000000000000 ) ) ;
#677 = LINE ( 'NONE', #1827, #1393 ) ;
#678 = DIRECTION ( 'NONE',  ( 0.000000000000000000, -1.365923996832131412E-15, -1.000000000000000000 ) ) ;
#679 = FACE_OUTER_BOUND ( 'NONE', #380, .T. ) ;
#680 = STYLED_ITEM ( 'NONE', ( #1602 ), #2080 ) ;
#681 = CARTESIAN_POINT ( 'NONE',  ( 5.080000000000000071, 4.335344504884734995, -2.285000000000000142 ) ) ;
#682 = SURFACE_STYLE_FILL_AREA ( #1092 ) ;
#683 = EDGE_CURVE ( 'NONE', #1866, #41, #1214, .T. ) ;
#684 = ADVANCED_FACE ( 'NONE', ( #1994 ), #758, .F. ) ;
#685 = LINE ( 'NONE', #1844, #2181 ) ;
#686 = PLANE ( 'NONE',  #1116 ) ;
#687 = CARTESIAN_POINT ( 'NONE',  ( 5.080000000000000959, 19.50000000000000000, -1.014999999999999680 ) ) ;
#688 = ORIENTED_EDGE ( 'NONE', *, *, #713, .F. ) ;
#689 = CARTESIAN_POINT ( 'NONE',  ( -4.880469490908097896, 4.099999999999999645, 2.285000000000000586 ) ) ;
#690 = EDGE_CURVE ( 'NONE', #886, #782, #1955, .T. ) ;
#691 = FACE_OUTER_BOUND ( 'NONE', #1875, .T. ) ;
#692 = VERTEX_POINT ( 'NONE', #1832 ) ;
#693 = CARTESIAN_POINT ( 'NONE',  ( 5.080000000000000071, 13.00000000000000178, -1.014999999999999680 ) ) ;
#694 = CARTESIAN_POINT ( 'NONE',  ( -0.4049999999999995270, -6.192234283457061542E-17, 0.7849999999999996980 ) ) ;
#695 = VECTOR ( 'NONE', #66, 1000.000000000000000 ) ;
#696 = CARTESIAN_POINT ( 'NONE',  ( 0.2050000000000016254, -9.599999999999999645, 0.4049999999999995826 ) ) ;
#697 = ORIENTED_EDGE ( 'NONE', *, *, #2241, .T. ) ;
#698 = CARTESIAN_POINT ( 'NONE',  ( 5.080000000000000071, 13.00000000000000178, -2.285000000000000142 ) ) ;
#699 = CIRCLE ( 'NONE', #1686, 1.919999999999998153 ) ;
#700 = ORIENTED_EDGE ( 'NONE', *, *, #6, .F. ) ;
#701 = VECTOR ( 'NONE', #628, 1000.000000000000000 ) ;
#702 = DIRECTION ( 'NONE',  ( 0.000000000000000000, 0.000000000000000000, 1.000000000000000000 ) ) ;
#703 = EDGE_LOOP ( 'NONE', ( #1007, #274, #871, #1878 ) ) ;
#704 = DIRECTION ( 'NONE',  ( -0.04361938736533296085, -0.000000000000000000, -0.9990482215818579093 ) ) ;
#705 = ADVANCED_FACE ( 'NONE', ( #469 ), #1073, .F. ) ;
#706 = VECTOR ( 'NONE', #1962, 1000.000000000000000 ) ;
#707 = ORIENTED_EDGE ( 'NONE', *, *, #2058, .T. ) ;
#708 = DIRECTION ( 'NONE',  ( 0.000000000000000000, -5.005171518229332485E-17, 1.000000000000000000 ) ) ;
#709 = EDGE_CURVE ( 'NONE', #1538, #271, #1984, .T. ) ;
#710 = DIRECTION ( 'NONE',  ( 1.334402673828313339E-16, 1.000000000000000000, 0.000000000000000000 ) ) ;
#711 = VERTEX_POINT ( 'NONE', #558 ) ;
#712 = DIRECTION ( 'NONE',  ( 0.000000000000000000, 5.005171518229331869E-17, -1.000000000000000000 ) ) ;
#713 = EDGE_CURVE ( 'NONE', #1102, #896, #1964, .T. ) ;
#714 = VERTEX_POINT ( 'NONE', #1769 ) ;
#715 = EDGE_CURVE ( 'NONE', #1111, #126, #496, .T. ) ;
#716 = VECTOR ( 'NONE', #429, 1000.000000000000000 ) ;
#717 = DIRECTION ( 'NONE',  ( 0.7071067811865467956, 0.7071067811865483499, -0.000000000000000000 ) ) ;
#718 = ORIENTED_EDGE ( 'NONE', *, *, #901, .F. ) ;
#719 = EDGE_CURVE ( 'NONE', #962, #188, #2011, .T. ) ;
#720 = LINE ( 'NONE', #793, #701 ) ;
#721 = ORIENTED_EDGE ( 'NONE', *, *, #1952, .T. ) ;
#722 = COLOUR_RGB ( '',0.2509803921568627416, 0.2509803921568627416, 0.2509803921568627416 ) ;
#723 = PLANE ( 'NONE',  #2201 ) ;
#724 = DIRECTION ( 'NONE',  ( 0.7071067811865460184, 0.7071067811865490160, -0.000000000000000000 ) ) ;
#725 = EDGE_LOOP ( 'NONE', ( #51, #1754, #355, #45 ) ) ;
#726 = LINE ( 'NONE', #2183, #1461 ) ;
#727 = ORIENTED_EDGE ( 'NONE', *, *, #500, .F. ) ;
#728 = PLANE ( 'NONE',  #1556 ) ;
#729 = LINE ( 'NONE', #622, #1493 ) ;
#730 = CARTESIAN_POINT ( 'NONE',  ( 5.080000000000000071, 13.00000000000000178, -2.285000000000000142 ) ) ;
#731 = DIRECTION ( 'NONE',  ( 0.000000000000000000, 0.000000000000000000, 1.000000000000000000 ) ) ;
#732 = ORIENTED_EDGE ( 'NONE', *, *, #516, .T. ) ;
#733 = AXIS2_PLACEMENT_3D ( 'NONE', #1136, #912, #58 ) ;
#734 = FILL_AREA_STYLE ('',( #907 ) ) ;
#735 = DIRECTION ( 'NONE',  ( 0.000000000000000000, 1.000000000000000000, 0.000000000000000000 ) ) ;
#736 = VECTOR ( 'NONE', #1450, 1000.000000000000000 ) ;
#737 = ADVANCED_FACE ( 'NONE', ( #480 ), #38, .F. ) ;
#738 = VERTEX_POINT ( 'NONE', #1427 ) ;
#739 = EDGE_CURVE ( 'NONE', #967, #1876, #1981, .T. ) ;
#740 = VECTOR ( 'NONE', #1176, 1000.000000000000000 ) ;
#741 = ORIENTED_EDGE ( 'NONE', *, *, #2022, .T. ) ;
#742 = CARTESIAN_POINT ( 'NONE',  ( -2.744999999999998774, -9.599999999999999645, 0.4049999999999995826 ) ) ;
#743 =( LENGTH_UNIT ( ) NAMED_UNIT ( * ) SI_UNIT ( .MILLI., .METRE. ) );
#744 = EDGE_CURVE ( 'NONE', #361, #277, #1971, .T. ) ;
#745 = DIRECTION ( 'NONE',  ( -0.04345371644180909959, 0.08707341902108674259, -0.9952537335912752248 ) ) ;
#746 = FACE_OUTER_BOUND ( 'NONE', #1815, .T. ) ;
#747 = VERTEX_POINT ( 'NONE', #2125 ) ;
#748 = CARTESIAN_POINT ( 'NONE',  ( 2.580000000000000071, 13.00000000000000178, -1.014999999999999680 ) ) ;
#749 = LINE ( 'NONE', #132, #2251 ) ;
#750 = DIRECTION ( 'NONE',  ( -1.000000000000000000, 0.000000000000000000, -0.000000000000000000 ) ) ;
#751 = DIRECTION ( 'NONE',  ( -1.384087879768729364E-16, 1.000000000000000000, 0.000000000000000000 ) ) ;
#752 = EDGE_LOOP ( 'NONE', ( #386, #34, #283, #1030, #350, #57, #1133, #332, #1888, #993, #1014, #1094 ) ) ;
#753 = EDGE_CURVE ( 'NONE', #365, #139, #421, .T. ) ;
#754 = CARTESIAN_POINT ( 'NONE',  ( 2.580000000000000071, 13.00000000000000178, -2.284999999999999254 ) ) ;
#755 = LINE ( 'NONE', #441, #25 ) ;
#756 = ORIENTED_EDGE ( 'NONE', *, *, #1752, .F. ) ;
#757 = LINE ( 'NONE', #1559, #1516 ) ;
#758 = PLANE ( 'NONE',  #264 ) ;
#759 = ADVANCED_FACE ( 'NONE', ( #1976 ), #1335, .F. ) ;
#760 = ORIENTED_EDGE ( 'NONE', *, *, #561, .T. ) ;
#761 = DIRECTION ( 'NONE',  ( -1.000000000000000000, -9.227252531791529091E-17, 0.000000000000000000 ) ) ;
#762 = DIRECTION ( 'NONE',  ( -0.000000000000000000, -0.000000000000000000, -1.000000000000000000 ) ) ;
#763 = LINE ( 'NONE', #566, #7 ) ;
#764 = VERTEX_POINT ( 'NONE', #1654 ) ;
#765 = PRESENTATION_LAYER_ASSIGNMENT (  '', '', ( #67 ) ) ;
#766 = LINE ( 'NONE', #1161, #1509 ) ;
#767 = DIRECTION ( 'NONE',  ( 0.000000000000000000, 0.000000000000000000, -1.000000000000000000 ) ) ;
#768 = DIRECTION ( 'NONE',  ( 1.000000000000000000, 0.000000000000000000, 0.000000000000000000 ) ) ;
#769 = PLANE ( 'NONE',  #2112 ) ;
#770 = VERTEX_POINT ( 'NONE', #89 ) ;
#771 = CARTESIAN_POINT ( 'NONE',  ( -2.580000000000000071, 12.00000000000000000, -1.015000000000000124 ) ) ;
#772 = AXIS2_PLACEMENT_3D ( 'NONE', #992, #507, #1408 ) ;
#773 = VERTEX_POINT ( 'NONE', #1848 ) ;
#774 = LINE ( 'NONE', #1648, #736 ) ;
#775 = DIRECTION ( 'NONE',  ( -0.000000000000000000, -0.000000000000000000, -1.000000000000000000 ) ) ;
#776 = ORIENTED_EDGE ( 'NONE', *, *, #3, .T. ) ;
#777 = EDGE_CURVE ( 'NONE', #1119, #1589, #1975, .T. ) ;
#778 = CARTESIAN_POINT ( 'NONE',  ( 0.000000000000000000, 0.000000000000000000, 0.4049999999999995826 ) ) ;
#779 = FACE_OUTER_BOUND ( 'NONE', #903, .T. ) ;
#780 = ADVANCED_FACE ( 'NONE', ( #1202 ), #1197, .F. ) ;
#781 = ADVANCED_FACE ( 'NONE', ( #465 ), #985, .F. ) ;
#782 = VERTEX_POINT ( 'NONE', #794 ) ;
#783 = CARTESIAN_POINT ( 'NONE',  ( 2.745000000000002327, -9.599999999999999645, 0.7849999999999996980 ) ) ;
#784 = SURFACE_STYLE_FILL_AREA ( #970 ) ;
#785 = CARTESIAN_POINT ( 'NONE',  ( 2.580000000000000071, 13.00000000000000178, -1.014999999999999680 ) ) ;
#786 = AXIS2_PLACEMENT_3D ( 'NONE', #125, #301, #1194 ) ;
#787 = DIRECTION ( 'NONE',  ( -1.000000000000000000, 0.000000000000000000, -0.000000000000000000 ) ) ;
#788 = ORIENTED_EDGE ( 'NONE', *, *, #2241, .F. ) ;
#789 = DIRECTION ( 'NONE',  ( 1.000000000000000000, 1.224646799147353454E-16, -0.000000000000000000 ) ) ;
#790 = FACE_OUTER_BOUND ( 'NONE', #1822, .T. ) ;
#791 = ORIENTED_EDGE ( 'NONE', *, *, #683, .T. ) ;
#792 = LINE ( 'NONE', #181, #1580 ) ;
#793 = CARTESIAN_POINT ( 'NONE',  ( 2.580000000000000071, 12.00000000000000000, -1.015000000000000124 ) ) ;
#794 = CARTESIAN_POINT ( 'NONE',  ( 2.580000000000000071, 12.00000000000000000, -2.284999999999999698 ) ) ;
#795 = ORIENTED_EDGE ( 'NONE', *, *, #143, .T. ) ;
#796 = UNCERTAINTY_MEASURE_WITH_UNIT (LENGTH_MEASURE( 1.000000000000000082E-05 ), #1018, 'distance_accuracy_value', 'NONE');
#797 = CARTESIAN_POINT ( 'NONE',  ( -3.175000000000000266, 2.426441030956585629E-17, 0.7849999999999996980 ) ) ;
#798 = CARTESIAN_POINT ( 'NONE',  ( 2.351321854362916896E-16, 14.63999999999999879, -1.014999999999999680 ) ) ;
#799 = VERTEX_POINT ( 'NONE', #629 ) ;
#800 = CARTESIAN_POINT ( 'NONE',  ( 5.080000000000000959, 19.50000000000000000, -1.014999999999999680 ) ) ;
#801 = PRESENTATION_LAYER_ASSIGNMENT (  '', '', ( #24 ) ) ;
#802 = VECTOR ( 'NONE', #109, 1000.000000000000000 ) ;
#803 = DIRECTION ( 'NONE',  ( -0.000000000000000000, -0.000000000000000000, -1.000000000000000000 ) ) ;
#804 = PLANE ( 'NONE',  #656 ) ;
#805 = ORIENTED_EDGE ( 'NONE', *, *, #901, .T. ) ;
#806 = DIRECTION ( 'NONE',  ( 1.000000000000000000, 0.000000000000000000, 0.000000000000000000 ) ) ;
#807 = EDGE_LOOP ( 'NONE', ( #1487, #37, #362, #1134, #1936, #805, #87, #959, #370, #1542 ) ) ;
#808 = LINE ( 'NONE', #1247, #39 ) ;
#809 = CARTESIAN_POINT ( 'NONE',  ( -3.273116995367965743, 12.00000000000000000, -2.284999999999999698 ) ) ;
#810 = ORIENTED_EDGE ( 'NONE', *, *, #1683, .F. ) ;
#811 = DIRECTION ( 'NONE',  ( -0.9981347984218670311, 0.06104853953485692153, 3.055584113093632597E-18 ) ) ;
#812 = CARTESIAN_POINT ( 'NONE',  ( -2.334999999999999076, -9.599999999999999645, 0.4049999999999995826 ) ) ;
#813 = FACE_OUTER_BOUND ( 'NONE', #325, .T. ) ;
#814 = ORIENTED_EDGE ( 'NONE', *, *, #122, .T. ) ;
#815 = DIRECTION ( 'NONE',  ( -0.000000000000000000, 1.000000000000000000, 0.000000000000000000 ) ) ;
#816 = SURFACE_STYLE_FILL_AREA ( #1924 ) ;
#817 = PLANE ( 'NONE',  #1991 ) ;
#818 = CARTESIAN_POINT ( 'NONE',  ( 5.080000000000000071, 12.56554675796159515, 2.285000000000000586 ) ) ;
#819 = ORIENTED_EDGE ( 'NONE', *, *, #2165, .T. ) ;
#820 = FACE_OUTER_BOUND ( 'NONE', #1495, .T. ) ;
#821 = ORIENTED_EDGE ( 'NONE', *, *, #866, .F. ) ;
#822 = VECTOR ( 'NONE', #1890, 1000.000000000000000 ) ;
#823 = CARTESIAN_POINT ( 'NONE',  ( -2.945000000000000284, -6.192234283457061542E-17, 0.7849999999999996980 ) ) ;
#824 = ORIENTED_EDGE ( 'NONE', *, *, #471, .F. ) ;
#825 = DIRECTION ( 'NONE',  ( 0.000000000000000000, 5.005171518229332485E-17, -1.000000000000000000 ) ) ;
#826 = VECTOR ( 'NONE', #891, 1000.000000000000000 ) ;
#827 = EDGE_CURVE ( 'NONE', #249, #764, #2059, .T. ) ;
#828 = ORIENTED_EDGE ( 'NONE', *, *, #1490, .T. ) ;
#829 = CARTESIAN_POINT ( 'NONE',  ( 3.175000000000001599, 6.544092427675418123E-17, 0.4049999999999995826 ) ) ;
#830 = LINE ( 'NONE', #698, #1582 ) ;
#831 = DIRECTION ( 'NONE',  ( 0.000000000000000000, 0.000000000000000000, -1.000000000000000000 ) ) ;
#832 = ORIENTED_EDGE ( 'NONE', *, *, #247, .F. ) ;
#833 = EDGE_CURVE ( 'NONE', #711, #454, #528, .T. ) ;
#834 = ADVANCED_BREP_SHAPE_REPRESENTATION ( 'POD_TO-220-3L_HYME_rev_A', ( #1931, #2080, #1557, #1279, #476, #130 ), #1240 ) ;
#835 = CARTESIAN_POINT ( 'NONE',  ( -0.6350000000000001199, 4.099999999999999645, 0.7849999999999996980 ) ) ;
#836 = LINE ( 'NONE', #1358, #77 ) ;
#837 = ORIENTED_EDGE ( 'NONE', *, *, #258, .F. ) ;
#838 = EDGE_CURVE ( 'NONE', #341, #1861, #2044, .T. ) ;
#839 = DIRECTION ( 'NONE',  ( 0.000000000000000000, -0.9914448613738103822, -0.1305261922200521008 ) ) ;
#840 = ORIENTED_EDGE ( 'NONE', *, *, #1510, .F. ) ;
#841 = DIRECTION ( 'NONE',  ( 1.384087879768729364E-16, -1.000000000000000000, -0.000000000000000000 ) ) ;
#842 = CARTESIAN_POINT ( 'NONE',  ( 0.000000000000000000, 16.55999999999999872, -1.014999999999999680 ) ) ;
#843 = ORIENTED_EDGE ( 'NONE', *, *, #209, .T. ) ;
#844 = DIRECTION ( 'NONE',  ( 0.000000000000000000, 5.005171518229332485E-17, -1.000000000000000000 ) ) ;
#845 = LINE ( 'NONE', #638, #853 ) ;
#846 = DIRECTION ( 'NONE',  ( -0.000000000000000000, -0.000000000000000000, -1.000000000000000000 ) ) ;
#847 = DIRECTION ( 'NONE',  ( 0.000000000000000000, 5.005171518229332485E-17, -1.000000000000000000 ) ) ;
#848 = ORIENTED_EDGE ( 'NONE', *, *, #1514, .F. ) ;
#849 = CARTESIAN_POINT ( 'NONE',  ( 2.135000000000002451, -9.399999999999998579, 0.4049999999999995826 ) ) ;
#850 = LINE ( 'NONE', #1785, #1607 ) ;
#851 = ORIENTED_EDGE ( 'NONE', *, *, #1634, .T. ) ;
#852 =( GEOMETRIC_REPRESENTATION_CONTEXT ( 3 ) GLOBAL_UNCERTAINTY_ASSIGNED_CONTEXT ( ( #1993 ) ) GLOBAL_UNIT_ASSIGNED_CONTEXT ( ( #743, #911, #588 ) ) REPRESENTATION_CONTEXT ( 'NONE', 'WORKASPACE' ) );
#853 = VECTOR ( 'NONE', #2190, 1000.000000000000000 ) ;
#854 = ORIENTED_EDGE ( 'NONE', *, *, #1400, .F. ) ;
#855 = AXIS2_PLACEMENT_3D ( 'NONE', #2139, #1110, #1746 ) ;
#856 = DIRECTION ( 'NONE',  ( 1.000000000000000000, -0.000000000000000000, -0.000000000000000000 ) ) ;
#857 = ORIENTED_EDGE ( 'NONE', *, *, #1643, .T. ) ;
#858 = PLANE ( 'NONE',  #219 ) ;
#859 = EDGE_CURVE ( 'NONE', #764, #1573, #1182, .T. ) ;
#860 = FILL_AREA_STYLE_COLOUR ( '', #72 ) ;
#861 = CARTESIAN_POINT ( 'NONE',  ( 2.335000000000002629, -9.599999999999999645, 0.7849999999999996980 ) ) ;
#862 = ORIENTED_EDGE ( 'NONE', *, *, #1863, .T. ) ;
#863 = AXIS2_PLACEMENT_3D ( 'NONE', #1502, #478, #806 ) ;
#864 = CARTESIAN_POINT ( 'NONE',  ( 0.2050000000000016254, -9.599999999999999645, 0.7849999999999996980 ) ) ;
#865 = EDGE_LOOP ( 'NONE', ( #1008, #843, #228, #851 ) ) ;
#866 = EDGE_CURVE ( 'NONE', #2252, #1107, #1212, .T. ) ;
#867 = CARTESIAN_POINT ( 'NONE',  ( -2.744999999999998774, -9.599999999999999645, 0.7849999999999996980 ) ) ;
#868 = ORIENTED_EDGE ( 'NONE', *, *, #40, .T. ) ;
#869 = CARTESIAN_POINT ( 'NONE',  ( -2.580000000000000071, 13.00000000000000178, -2.284999999999999254 ) ) ;
#870 = CARTESIAN_POINT ( 'NONE',  ( -0.2049999999999981559, -9.599999999999999645, 0.4049999999999995826 ) ) ;
#871 = ORIENTED_EDGE ( 'NONE', *, *, #1261, .F. ) ;
#872 = CARTESIAN_POINT ( 'NONE',  ( 2.580000000000000071, 12.00000000000000000, -2.284999999999999698 ) ) ;
#873 = DIRECTION ( 'NONE',  ( 0.000000000000000000, 0.000000000000000000, 1.000000000000000000 ) ) ;
#874 = ORIENTED_EDGE ( 'NONE', *, *, #2206, .F. ) ;
#875 = ADVANCED_FACE ( 'NONE', ( #1951 ), #493, .F. ) ;
#876 = CARTESIAN_POINT ( 'NONE',  ( 5.080000000000000071, 4.335344504884734995, -2.285000000000000142 ) ) ;
#877 = DIRECTION ( 'NONE',  ( -0.000000000000000000, -0.000000000000000000, -1.000000000000000000 ) ) ;
#878 = AXIS2_PLACEMENT_3D ( 'NONE', #1508, #1666, #1880 ) ;
#879 = ORIENTED_EDGE ( 'NONE', *, *, #556, .T. ) ;
#880 = EDGE_CURVE ( 'NONE', #304, #967, #1192, .T. ) ;
#881 = ORIENTED_EDGE ( 'NONE', *, *, #1900, .F. ) ;
#882 = DIRECTION ( 'NONE',  ( -0.7071067811865467956, -0.7071067811865483499, 0.000000000000000000 ) ) ;
#883 = CARTESIAN_POINT ( 'NONE',  ( -1.905000000000000471, 4.099999999999999645, 0.7849999999999996980 ) ) ;
#884 = VERTEX_POINT ( 'NONE', #14 ) ;
#885 = EDGE_CURVE ( 'NONE', #884, #1765, #1966, .T. ) ;
#886 = VERTEX_POINT ( 'NONE', #1227 ) ;
#887 = CARTESIAN_POINT ( 'NONE',  ( -2.944999999999998952, -9.399999999999998579, 0.7849999999999996980 ) ) ;
#888 = CARTESIAN_POINT ( 'NONE',  ( -4.880469490908097896, 12.56554675796159515, 2.285000000000000586 ) ) ;
#889 = EDGE_CURVE ( 'NONE', #1137, #197, #1208, .T. ) ;
#890 = LINE ( 'NONE', #2143, #131 ) ;
#891 = DIRECTION ( 'NONE',  ( -0.000000000000000000, -0.000000000000000000, -1.000000000000000000 ) ) ;
#892 = ORIENTED_EDGE ( 'NONE', *, *, #494, .T. ) ;
#893 = CARTESIAN_POINT ( 'NONE',  ( -2.134999999999998899, -9.399999999999998579, 0.7849999999999996980 ) ) ;
#894 = CARTESIAN_POINT ( 'NONE',  ( -5.080000000000000071, 13.00000000000000178, -1.014999999999999680 ) ) ;
#895 = ORIENTED_EDGE ( 'NONE', *, *, #1425, .F. ) ;
#896 = VERTEX_POINT ( 'NONE', #2115 ) ;
#897 = AXIS2_PLACEMENT_3D ( 'NONE', #133, #847, #2234 ) ;
#898 = CARTESIAN_POINT ( 'NONE',  ( -0.4049999999999982503, -9.399999999999998579, 0.4049999999999995826 ) ) ;
#899 = CARTESIAN_POINT ( 'NONE',  ( 5.080000000000000959, 19.50000000000000000, -2.284999999999999254 ) ) ;
#900 = ORIENTED_EDGE ( 'NONE', *, *, #2045, .T. ) ;
#901 = EDGE_CURVE ( 'NONE', #1685, #1812, #1222, .T. ) ;
#902 = DIRECTION ( 'NONE',  ( -0.7071067811865467956, 0.7071067811865483499, 0.000000000000000000 ) ) ;
#903 = EDGE_LOOP ( 'NONE', ( #1613, #1911, #879, #393 ) ) ;
#904 = CARTESIAN_POINT ( 'NONE',  ( 0.4050000000000004152, 3.727404789636499658E-17, 0.7849999999999996980 ) ) ;
#905 = FILL_AREA_STYLE ('',( #1419 ) ) ;
#906 = ORIENTED_EDGE ( 'NONE', *, *, #13, .F. ) ;
#907 = FILL_AREA_STYLE_COLOUR ( '', #670 ) ;
#908 = AXIS2_PLACEMENT_3D ( 'NONE', #2126, #418, #573 ) ;
#909 = DIRECTION ( 'NONE',  ( -0.000000000000000000, 5.005171518229332485E-17, -1.000000000000000000 ) ) ;
#910 = PLANE ( 'NONE',  #855 ) ;
#911 =( NAMED_UNIT ( * ) PLANE_ANGLE_UNIT ( ) SI_UNIT ( $, .RADIAN. ) );
#912 = DIRECTION ( 'NONE',  ( -1.000000000000000000, 0.000000000000000000, -0.000000000000000000 ) ) ;
#913 = CARTESIAN_POINT ( 'NONE',  ( -0.6350000000000001199, 4.099999999999999645, 0.7849999999999996980 ) ) ;
#914 = DIRECTION ( 'NONE',  ( 0.000000000000000000, 5.005171518229331869E-17, -1.000000000000000000 ) ) ;
#915 = VECTOR ( 'NONE', #1096, 1000.000000000000000 ) ;
#916 = EDGE_CURVE ( 'NONE', #188, #1765, #1225, .T. ) ;
#917 = CARTESIAN_POINT ( 'NONE',  ( 2.945000000000002061, -9.399999999999998579, 0.4049999999999995826 ) ) ;
#918 = EDGE_CURVE ( 'NONE', #41, #110, #991, .T. ) ;
#919 = DIRECTION ( 'NONE',  ( 0.000000000000000000, 5.005171518229332485E-17, -1.000000000000000000 ) ) ;
#920 = CARTESIAN_POINT ( 'NONE',  ( 0.000000000000000000, 18.47999999999999687, -1.014999999999999680 ) ) ;
#921 = ADVANCED_FACE ( 'NONE', ( #171 ), #728, .F. ) ;
#922 = EDGE_CURVE ( 'NONE', #128, #1810, #151, .T. ) ;
#923 = DIRECTION ( 'NONE',  ( -1.000000000000000000, -0.000000000000000000, -0.000000000000000000 ) ) ;
#924 = DIRECTION ( 'NONE',  ( 0.000000000000000000, 5.005171518229332485E-17, -1.000000000000000000 ) ) ;
#925 = ORIENTED_EDGE ( 'NONE', *, *, #92, .F. ) ;
#926 = CARTESIAN_POINT ( 'NONE',  ( -2.945000000000000284, -6.192234283457061542E-17, 0.4049999999999995826 ) ) ;
#927 = DIRECTION ( 'NONE',  ( 1.384087879768729364E-16, -1.000000000000000000, -0.000000000000000000 ) ) ;
#928 = CARTESIAN_POINT ( 'NONE',  ( 0.5999999999999997558, 11.09999999999999964, 2.284999999999999254 ) ) ;
#929 =( LENGTH_UNIT ( ) NAMED_UNIT ( * ) SI_UNIT ( .MILLI., .METRE. ) );
#930 = ORIENTED_EDGE ( 'NONE', *, *, #859, .T. ) ;
#931 =( LENGTH_UNIT ( ) NAMED_UNIT ( * ) SI_UNIT ( .MILLI., .METRE. ) );
#932 = CARTESIAN_POINT ( 'NONE',  ( 2.351321854362916896E-16, 14.63999999999999879, -2.284999999999999254 ) ) ;
#933 = ORIENTED_EDGE ( 'NONE', *, *, #2063, .F. ) ;
#934 = ORIENTED_EDGE ( 'NONE', *, *, #1958, .F. ) ;
#935 = MECHANICAL_DESIGN_GEOMETRIC_PRESENTATION_REPRESENTATION (  '', ( #680 ), #971 ) ;
#936 = CARTESIAN_POINT ( 'NONE',  ( 3.273116995367965743, 12.00000000000000000, -1.015000000000000124 ) ) ;
#937 = ORIENTED_EDGE ( 'NONE', *, *, #885, .F. ) ;
#938 = ORIENTED_EDGE ( 'NONE', *, *, #715, .F. ) ;
#939 = CARTESIAN_POINT ( 'NONE',  ( 5.080000000000000071, 4.231232995288885412, 2.284999999999999698 ) ) ;
#940 = EDGE_LOOP ( 'NONE', ( #1566, #1003 ) ) ;
#941 =( GEOMETRIC_REPRESENTATION_CONTEXT ( 3 ) GLOBAL_UNCERTAINTY_ASSIGNED_CONTEXT ( ( #260 ) ) GLOBAL_UNIT_ASSIGNED_CONTEXT ( ( #443, #1126, #1992 ) ) REPRESENTATION_CONTEXT ( 'NONE', 'WORKASPACE' ) );
#942 = ADVANCED_FACE ( 'NONE', ( #1667 ), #1386, .F. ) ;
#943 = ORIENTED_EDGE ( 'NONE', *, *, #1764, .T. ) ;
#944 = ORIENTED_EDGE ( 'NONE', *, *, #615, .F. ) ;
#945 = LINE ( 'NONE', #1494, #213 ) ;
#946 = DIRECTION ( 'NONE',  ( -0.000000000000000000, -0.000000000000000000, -1.000000000000000000 ) ) ;
#947 = EDGE_CURVE ( 'NONE', #1812, #2242, #158, .T. ) ;
#948 = DIRECTION ( 'NONE',  ( 1.057758217059028854E-16, -1.000000000000000000, -0.000000000000000000 ) ) ;
#949 = ORIENTED_EDGE ( 'NONE', *, *, #640, .T. ) ;
#950 = ORIENTED_EDGE ( 'NONE', *, *, #2160, .T. ) ;
#951 = LINE ( 'NONE', #1097, #279 ) ;
#952 = CARTESIAN_POINT ( 'NONE',  ( 3.175000000000000711, 4.099999999999999645, 0.7849999999999996980 ) ) ;
#953 = CARTESIAN_POINT ( 'NONE',  ( 0.2050000000000016254, -9.599999999999999645, 0.7849999999999996980 ) ) ;
#954 = ORIENTED_EDGE ( 'NONE', *, *, #719, .T. ) ;
#955 = ORIENTED_EDGE ( 'NONE', *, *, #1514, .T. ) ;
#956 = LINE ( 'NONE', #1418, #961 ) ;
#957 = EDGE_CURVE ( 'NONE', #1519, #91, #1669, .T. ) ;
#958 = ORIENTED_EDGE ( 'NONE', *, *, #889, .T. ) ;
#959 = ORIENTED_EDGE ( 'NONE', *, *, #713, .T. ) ;
#960 = CARTESIAN_POINT ( 'NONE',  ( -4.880469490908097896, 12.56554675796159515, 2.285000000000000586 ) ) ;
#961 = VECTOR ( 'NONE', #1597, 1000.000000000000000 ) ;
#962 = VERTEX_POINT ( 'NONE', #1432 ) ;
#963 = ORIENTED_EDGE ( 'NONE', *, *, #545, .F. ) ;
#964 = VECTOR ( 'NONE', #1779, 1000.000000000000000 ) ;
#965 = DIRECTION ( 'NONE',  ( -1.000000000000000000, 0.000000000000000000, 0.000000000000000000 ) ) ;
#966 = CARTESIAN_POINT ( 'NONE',  ( -0.6349999999999996758, -9.008921921495973845E-17, 0.4049999999999995826 ) ) ;
#967 = VERTEX_POINT ( 'NONE', #1731 ) ;
#968 = CLOSED_SHELL ( 'NONE', ( #613, #237, #1696, #1744, #2008, #2175, #598, #1569, #1100, #85, #875, #1616 ) ) ;
#969 = LINE ( 'NONE', #660, #1749 ) ;
#970 = FILL_AREA_STYLE ('',( #2172 ) ) ;
#971 =( GEOMETRIC_REPRESENTATION_CONTEXT ( 3 ) GLOBAL_UNCERTAINTY_ASSIGNED_CONTEXT ( ( #796 ) ) GLOBAL_UNIT_ASSIGNED_CONTEXT ( ( #1018, #1942, #2076 ) ) REPRESENTATION_CONTEXT ( 'NONE', 'WORKASPACE' ) );
#972 = PRODUCT_DEFINITION_SHAPE ( 'NONE', 'NONE',  #343 ) ;
#973 = ORIENTED_EDGE ( 'NONE', *, *, #2063, .T. ) ;
#974 = ORIENTED_EDGE ( 'NONE', *, *, #889, .F. ) ;
#975 = LINE ( 'NONE', #797, #1009 ) ;
#976 = CARTESIAN_POINT ( 'NONE',  ( -0.4049999999999995270, -6.192234283457061542E-17, 0.7849999999999996980 ) ) ;
#977 = EDGE_CURVE ( 'NONE', #884, #1112, #1763, .T. ) ;
#978 = EDGE_LOOP ( 'NONE', ( #828, #2196, #1889, #1125 ) ) ;
#979 = ORIENTED_EDGE ( 'NONE', *, *, #204, .T. ) ;
#980 = CARTESIAN_POINT ( 'NONE',  ( 2.135000000000001119, -6.192234283457061542E-17, 0.4049999999999995826 ) ) ;
#981 = LINE ( 'NONE', #468, #234 ) ;
#982 = EDGE_LOOP ( 'NONE', ( #1144, #248, #101, #1760 ) ) ;
#983 = ORIENTED_EDGE ( 'NONE', *, *, #2020, .T. ) ;
#984 = FACE_OUTER_BOUND ( 'NONE', #703, .T. ) ;
#985 = PLANE ( 'NONE',  #671 ) ;
#986 = STYLED_ITEM ( 'NONE', ( #1488 ), #1931 ) ;
#987 = CARTESIAN_POINT ( 'NONE',  ( -4.962552063576095129, 4.099999999999999645, 0.4050000000000003597 ) ) ;
#988 = ORIENTED_EDGE ( 'NONE', *, *, #1117, .F. ) ;
#989 = ORIENTED_EDGE ( 'NONE', *, *, #1661, .T. ) ;
#990 = VECTOR ( 'NONE', #160, 1000.000000000000000 ) ;
#991 = LINE ( 'NONE', #1713, #1751 ) ;
#992 = CARTESIAN_POINT ( 'NONE',  ( -2.334999999999999076, -9.599999999999999645, 0.7849999999999996980 ) ) ;
#993 = ORIENTED_EDGE ( 'NONE', *, *, #1917, .F. ) ;
#994 = EDGE_LOOP ( 'NONE', ( #185, #202, #1867, #1015 ) ) ;
#995 = VECTOR ( 'NONE', #1289, 1000.000000000000000 ) ;
#996 = ORIENTED_EDGE ( 'NONE', *, *, #100, .F. ) ;
#997 = CARTESIAN_POINT ( 'NONE',  ( -0.6350000000000001199, 4.099999999999999645, 0.7849999999999996980 ) ) ;
#998 = EDGE_LOOP ( 'NONE', ( #336, #295, #1466, #1046 ) ) ;
#999 = ORIENTED_EDGE ( 'NONE', *, *, #683, .F. ) ;
#1000 = CARTESIAN_POINT ( 'NONE',  ( 0.000000000000000000, 16.55999999999999872, -1.014999999999999680 ) ) ;
#1001 = LINE ( 'NONE', #1632, #1004 ) ;
#1002 = EDGE_LOOP ( 'NONE', ( #1903, #210, #414, #1915 ) ) ;
#1003 = ORIENTED_EDGE ( 'NONE', *, *, #1661, .F. ) ;
#1004 = VECTOR ( 'NONE', #244, 1000.000000000000000 ) ;
#1005 = EDGE_LOOP ( 'NONE', ( #1089, #186, #1628, #1124 ) ) ;
#1006 = CARTESIAN_POINT ( 'NONE',  ( 3.529999999999999805, 7.800000000000001599, -2.284999999999999698 ) ) ;
#1007 = ORIENTED_EDGE ( 'NONE', *, *, #1958, .T. ) ;
#1008 = ORIENTED_EDGE ( 'NONE', *, *, #1429, .T. ) ;
#1009 = VECTOR ( 'NONE', #948, 1000.000000000000000 ) ;
#1010 = CARTESIAN_POINT ( 'NONE',  ( -4.945960905270862185, 4.099999999999999645, 0.7850000000000003642 ) ) ;
#1011 = ORIENTED_EDGE ( 'NONE', *, *, #753, .T. ) ;
#1012 = PRODUCT_DEFINITION_FORMATION_WITH_SPECIFIED_SOURCE ( 'ANY', '', #1171, .NOT_KNOWN. ) ;
#1013 = CARTESIAN_POINT ( 'NONE',  ( -3.273116995367965743, 12.00000000000000000, -1.015000000000000124 ) ) ;
#1014 = ORIENTED_EDGE ( 'NONE', *, *, #977, .F. ) ;
#1015 = ORIENTED_EDGE ( 'NONE', *, *, #947, .T. ) ;
#1016 = VECTOR ( 'NONE', #408, 1000.000000000000000 ) ;
#1017 = ORIENTED_EDGE ( 'NONE', *, *, #2152, .F. ) ;
#1018 =( LENGTH_UNIT ( ) NAMED_UNIT ( * ) SI_UNIT ( .MILLI., .METRE. ) );
#1019 = EDGE_CURVE ( 'NONE', #1810, #1950, #460, .T. ) ;
#1020 = ADVANCED_FACE ( 'NONE', ( #508 ), #1287, .F. ) ;
#1021 = ORIENTED_EDGE ( 'NONE', *, *, #1917, .T. ) ;
#1022 = ORIENTED_EDGE ( 'NONE', *, *, #719, .F. ) ;
#1023 = DIRECTION ( 'NONE',  ( -1.000000000000000000, 0.000000000000000000, 0.000000000000000000 ) ) ;
#1024 = VECTOR ( 'NONE', #226, 1000.000000000000000 ) ;
#1025 = ORIENTED_EDGE ( 'NONE', *, *, #1306, .T. ) ;
#1026 = ORIENTED_EDGE ( 'NONE', *, *, #1264, .T. ) ;
#1027 = VERTEX_POINT ( 'NONE', #920 ) ;
#1028 = FACE_OUTER_BOUND ( 'NONE', #1005, .T. ) ;
#1029 = EDGE_CURVE ( 'NONE', #1755, #193, #1260, .T. ) ;
#1030 = ORIENTED_EDGE ( 'NONE', *, *, #1264, .F. ) ;
#1031 = ORIENTED_EDGE ( 'NONE', *, *, #1856, .F. ) ;
#1032 = VECTOR ( 'NONE', #187, 1000.000000000000000 ) ;
#1033 = ORIENTED_EDGE ( 'NONE', *, *, #94, .F. ) ;
#1034 = ORIENTED_EDGE ( 'NONE', *, *, #1590, .F. ) ;
#1035 = LINE ( 'NONE', #2094, #990 ) ;
#1036 = ORIENTED_EDGE ( 'NONE', *, *, #947, .F. ) ;
#1037 = CARTESIAN_POINT ( 'NONE',  ( 0.000000000000000000, 0.000000000000000000, 0.7849999999999996980 ) ) ;
#1038 = PLANE ( 'NONE',  #1108 ) ;
#1039 = ORIENTED_EDGE ( 'NONE', *, *, #6, .T. ) ;
#1040 = ORIENTED_EDGE ( 'NONE', *, *, #326, .T. ) ;
#1041 = DIRECTION ( 'NONE',  ( 0.7071067811865460184, 0.7071067811865490160, -0.000000000000000000 ) ) ;
#1042 = LINE ( 'NONE', #1553, #208 ) ;
#1043 = AXIS2_PLACEMENT_3D ( 'NONE', #603, #2000, #1657 ) ;
#1044 = PLANE ( 'NONE',  #1390 ) ;
#1045 = ADVANCED_FACE ( 'NONE', ( #506 ), #1659, .F. ) ;
#1046 = ORIENTED_EDGE ( 'NONE', *, *, #1590, .T. ) ;
#1047 = ORIENTED_EDGE ( 'NONE', *, *, #157, .F. ) ;
#1048 = AXIS2_PLACEMENT_3D ( 'NONE', #503, #2250, #654 ) ;
#1049 = CARTESIAN_POINT ( 'NONE',  ( -0.6000000000000001998, 11.09999999999999964, 2.184999999999999609 ) ) ;
#1050 = EDGE_LOOP ( 'NONE', ( #311, #700, #1498, #309 ) ) ;
#1051 = ORIENTED_EDGE ( 'NONE', *, *, #1164, .T. ) ;
#1052 = DIRECTION ( 'NONE',  ( 1.000000000000000000, 1.224646799147351975E-16, -0.000000000000000000 ) ) ;
#1053 = ORIENTED_EDGE ( 'NONE', *, *, #143, .F. ) ;
#1054 = DIRECTION ( 'NONE',  ( -1.000000000000000000, 0.000000000000000000, -0.000000000000000000 ) ) ;
#1055 =( NAMED_UNIT ( * ) PLANE_ANGLE_UNIT ( ) SI_UNIT ( $, .RADIAN. ) );
#1056 = ORIENTED_EDGE ( 'NONE', *, *, #709, .T. ) ;
#1057 = EDGE_CURVE ( 'NONE', #128, #1180, #1265, .T. ) ;
#1058 = DIRECTION ( 'NONE',  ( 0.06104853953485692153, 0.9981347984218670311, -0.000000000000000000 ) ) ;
#1059 = CARTESIAN_POINT ( 'NONE',  ( -5.080000000000000959, 19.50000000000000000, -2.284999999999999254 ) ) ;
#1060 = ORIENTED_EDGE ( 'NONE', *, *, #1183, .F. ) ;
#1061 = CARTESIAN_POINT ( 'NONE',  ( -0.6000000000000001998, 11.09999999999999964, 2.184999999999999609 ) ) ;
#1062 = PLANE ( 'NONE',  #437 ) ;
#1063 = ORIENTED_EDGE ( 'NONE', *, *, #1752, .T. ) ;
#1064 = EDGE_CURVE ( 'NONE', #711, #1953, #1276, .T. ) ;
#1065 = ORIENTED_EDGE ( 'NONE', *, *, #644, .F. ) ;
#1066 = ORIENTED_EDGE ( 'NONE', *, *, #175, .F. ) ;
#1067 = ADVANCED_FACE ( 'NONE', ( #1284 ), #225, .F. ) ;
#1068 = ORIENTED_EDGE ( 'NONE', *, *, #1029, .T. ) ;
#1069 = CARTESIAN_POINT ( 'NONE',  ( 2.945000000000001172, 3.727404789636499658E-17, 0.7849999999999996980 ) ) ;
#1070 = PLANE ( 'NONE',  #772 ) ;
#1071 = ORIENTED_EDGE ( 'NONE', *, *, #1764, .F. ) ;
#1072 = ORIENTED_EDGE ( 'NONE', *, *, #545, .T. ) ;
#1073 = PLANE ( 'NONE',  #1278 ) ;
#1074 = ORIENTED_EDGE ( 'NONE', *, *, #1376, .F. ) ;
#1075 = PRESENTATION_LAYER_ASSIGNMENT (  '', '', ( #680 ) ) ;
#1076 = DIRECTION ( 'NONE',  ( 0.000000000000000000, 5.005171518229332485E-17, -1.000000000000000000 ) ) ;
#1077 = EDGE_LOOP ( 'NONE', ( #22, #2230, #1778, #697, #356, #1788 ) ) ;
#1078 = DIRECTION ( 'NONE',  ( 0.000000000000000000, 5.005171518229332485E-17, -1.000000000000000000 ) ) ;
#1079 = EDGE_CURVE ( 'NONE', #1175, #799, #2021, .T. ) ;
#1080 = CARTESIAN_POINT ( 'NONE',  ( -2.945000000000000284, -6.192234283457061542E-17, 0.7849999999999996980 ) ) ;
#1081 = ORIENTED_EDGE ( 'NONE', *, *, #2165, .F. ) ;
#1082 = DIRECTION ( 'NONE',  ( -1.000000000000000000, -0.000000000000000000, -0.000000000000000000 ) ) ;
#1083 = ORIENTED_EDGE ( 'NONE', *, *, #1019, .F. ) ;
#1084 = ORIENTED_EDGE ( 'NONE', *, *, #481, .F. ) ;
#1085 = ORIENTED_EDGE ( 'NONE', *, *, #13, .T. ) ;
#1086 = ORIENTED_EDGE ( 'NONE', *, *, #1158, .T. ) ;
#1087 = EDGE_LOOP ( 'NONE', ( #933, #65, #1558, #776 ) ) ;
#1088 = CARTESIAN_POINT ( 'NONE',  ( 2.580000000000000071, 13.00000000000000178, -1.014999999999999680 ) ) ;
#1089 = ORIENTED_EDGE ( 'NONE', *, *, #1213, .T. ) ;
#1090 = ORIENTED_EDGE ( 'NONE', *, *, #585, .F. ) ;
#1091 = EDGE_CURVE ( 'NONE', #1163, #1699, #2040, .T. ) ;
#1092 = FILL_AREA_STYLE ('',( #1328 ) ) ;
#1093 = ORIENTED_EDGE ( 'NONE', *, *, #1183, .T. ) ;
#1094 = ORIENTED_EDGE ( 'NONE', *, *, #556, .F. ) ;
#1095 = VERTEX_POINT ( 'NONE', #1187 ) ;
#1096 = DIRECTION ( 'NONE',  ( -0.000000000000000000, -0.000000000000000000, -1.000000000000000000 ) ) ;
#1097 = CARTESIAN_POINT ( 'NONE',  ( -2.744999999999998774, -9.599999999999999645, 0.7849999999999996980 ) ) ;
#1098 = ORIENTED_EDGE ( 'NONE', *, *, #2022, .F. ) ;
#1099 = CARTESIAN_POINT ( 'NONE',  ( 0.5999999999999997558, 11.09999999999999964, 2.184999999999999609 ) ) ;
#1100 = ADVANCED_FACE ( 'NONE', ( #537 ), #436, .F. ) ;
#1101 = CARTESIAN_POINT ( 'NONE',  ( 2.945000000000001172, 3.727404789636499658E-17, 0.7849999999999996980 ) ) ;
#1102 = VERTEX_POINT ( 'NONE', #783 ) ;
#1103 = ORIENTED_EDGE ( 'NONE', *, *, #1154, .T. ) ;
#1104 = CARTESIAN_POINT ( 'NONE',  ( 0.000000000000000000, 16.55999999999999872, -2.284999999999999254 ) ) ;
#1105 = ORIENTED_EDGE ( 'NONE', *, *, #1977, .T. ) ;
#1106 = ORIENTED_EDGE ( 'NONE', *, *, #663, .F. ) ;
#1107 = VERTEX_POINT ( 'NONE', #932 ) ;
#1108 = AXIS2_PLACEMENT_3D ( 'NONE', #861, #1943, #1234 ) ;
#1109 = ORIENTED_EDGE ( 'NONE', *, *, #2114, .F. ) ;
#1110 = DIRECTION ( 'NONE',  ( 0.9990482215818579093, -4.539520434739622326E-18, 0.04361938736533276656 ) ) ;
#1111 = VERTEX_POINT ( 'NONE', #2026 ) ;
#1112 = VERTEX_POINT ( 'NONE', #1159 ) ;
#1113 = PLANE ( 'NONE',  #1147 ) ;
#1114 = PLANE ( 'NONE',  #733 ) ;
#1115 = ORIENTED_EDGE ( 'NONE', *, *, #1064, .T. ) ;
#1116 = AXIS2_PLACEMENT_3D ( 'NONE', #2225, #1668, #495 ) ;
#1117 = EDGE_CURVE ( 'NONE', #402, #1919, #2007, .T. ) ;
#1118 = VERTEX_POINT ( 'NONE', #1956 ) ;
#1119 = VERTEX_POINT ( 'NONE', #322 ) ;
#1120 = EDGE_CURVE ( 'NONE', #91, #103, #2013, .T. ) ;
#1121 = CARTESIAN_POINT ( 'NONE',  ( -2.744999999999998774, -9.599999999999999645, 0.7849999999999996980 ) ) ;
#1122 = EDGE_LOOP ( 'NONE', ( #1914, #267, #1926, #1793 ) ) ;
#1123 = CARTESIAN_POINT ( 'NONE',  ( -2.694222958124177993E-16, 11.09999999999999964, 2.184999999999999609 ) ) ;
#1124 = ORIENTED_EDGE ( 'NONE', *, *, #1539, .T. ) ;
#1125 = ORIENTED_EDGE ( 'NONE', *, *, #100, .T. ) ;
#1126 =( NAMED_UNIT ( * ) PLANE_ANGLE_UNIT ( ) SI_UNIT ( $, .RADIAN. ) );
#1127 = VERTEX_POINT ( 'NONE', #358 ) ;
#1128 = ORIENTED_EDGE ( 'NONE', *, *, #287, .F. ) ;
#1129 = ORIENTED_EDGE ( 'NONE', *, *, #209, .F. ) ;
#1130 = VERTEX_POINT ( 'NONE', #1678 ) ;
#1131 = DIRECTION ( 'NONE',  ( 1.000000000000000000, 0.000000000000000000, 0.000000000000000000 ) ) ;
#1132 = DIRECTION ( 'NONE',  ( -0.000000000000000000, -0.000000000000000000, -1.000000000000000000 ) ) ;
#1133 = ORIENTED_EDGE ( 'NONE', *, *, #2081, .F. ) ;
#1134 = ORIENTED_EDGE ( 'NONE', *, *, #2092, .T. ) ;
#1135 = FILL_AREA_STYLE ('',( #1835 ) ) ;
#1136 = CARTESIAN_POINT ( 'NONE',  ( -2.580000000000000071, 13.00000000000000178, -1.014999999999999680 ) ) ;
#1137 = VERTEX_POINT ( 'NONE', #307 ) ;
#1138 = ORIENTED_EDGE ( 'NONE', *, *, #1999, .F. ) ;
#1139 = ORIENTED_EDGE ( 'NONE', *, *, #1490, .F. ) ;
#1140 = PLANE ( 'NONE',  #134 ) ;
#1141 = ORIENTED_EDGE ( 'NONE', *, *, #1019, .T. ) ;
#1142 = CARTESIAN_POINT ( 'NONE',  ( -5.080000000000000959, 19.50000000000000000, -1.014999999999999680 ) ) ;
#1143 = PLANE ( 'NONE',  #2024 ) ;
#1144 = ORIENTED_EDGE ( 'NONE', *, *, #957, .T. ) ;
#1145 = ORIENTED_EDGE ( 'NONE', *, *, #715, .T. ) ;
#1146 = EDGE_LOOP ( 'NONE', ( #207, #217, #69, #1083, #1855, #1081, #1598, #1871, #1139, #810, #732, #327 ) ) ;
#1147 = AXIS2_PLACEMENT_3D ( 'NONE', #1795, #761, #286 ) ;
#1148 = EDGE_LOOP ( 'NONE', ( #272, #189, #989, #83 ) ) ;
#1149 = ADVANCED_FACE ( 'NONE', ( #1308 ), #1272, .F. ) ;
#1150 = CARTESIAN_POINT ( 'NONE',  ( -2.580000000000000071, 13.00000000000000178, -1.014999999999999680 ) ) ;
#1151 = CARTESIAN_POINT ( 'NONE',  ( -2.135000000000000231, 3.727404789636499042E-17, 0.7849999999999996980 ) ) ;
#1152 = ADVANCED_FACE ( 'NONE', ( #1253 ), #502, .F. ) ;
#1153 = ORIENTED_EDGE ( 'NONE', *, *, #122, .F. ) ;
#1154 = EDGE_CURVE ( 'NONE', #178, #1130, #2033, .T. ) ;
#1155 = CARTESIAN_POINT ( 'NONE',  ( 3.529999999999999805, 7.800000000000001599, -1.015000000000000124 ) ) ;
#1156 = VERTEX_POINT ( 'NONE', #1010 ) ;
#1157 = ORIENTED_EDGE ( 'NONE', *, *, #827, .T. ) ;
#1158 = EDGE_CURVE ( 'NONE', #1870, #139, #543, .T. ) ;
#1159 = CARTESIAN_POINT ( 'NONE',  ( 2.580000000000000071, 12.00000000000000000, -1.015000000000000124 ) ) ;
#1160 = ORIENTED_EDGE ( 'NONE', *, *, #1885, .T. ) ;
#1161 = CARTESIAN_POINT ( 'NONE',  ( -2.580000000000000071, 12.00000000000000000, -2.284999999999999698 ) ) ;
#1162 = CARTESIAN_POINT ( 'NONE',  ( -2.334999999999999076, -9.599999999999999645, 0.7849999999999996980 ) ) ;
#1163 = VERTEX_POINT ( 'NONE', #687 ) ;
#1164 = EDGE_CURVE ( 'NONE', #235, #1195, #1267, .T. ) ;
#1165 = ORIENTED_EDGE ( 'NONE', *, *, #258, .T. ) ;
#1166 = ORIENTED_EDGE ( 'NONE', *, *, #2070, .T. ) ;
#1167 = ORIENTED_EDGE ( 'NONE', *, *, #2189, .F. ) ;
#1168 = EDGE_LOOP ( 'NONE', ( #198, #1160, #1534, #1145 ) ) ;
#1169 = DIRECTION ( 'NONE',  ( -0.000000000000000000, -0.000000000000000000, -1.000000000000000000 ) ) ;
#1170 = DIRECTION ( 'NONE',  ( 0.06104853953485692153, -0.9981347984218670311, 0.000000000000000000 ) ) ;
#1171 = PRODUCT ( 'POD_TO-220-3L_HYME_rev_A', 'POD_TO-220-3L_HYME_rev_A', '', ( #1796 ) ) ;
#1172 = ORIENTED_EDGE ( 'NONE', *, *, #516, .F. ) ;
#1173 = ORIENTED_EDGE ( 'NONE', *, *, #640, .F. ) ;
#1174 = CARTESIAN_POINT ( 'NONE',  ( -3.273116995367965743, 12.00000000000000000, -2.284999999999999698 ) ) ;
#1175 = VERTEX_POINT ( 'NONE', #1540 ) ;
#1176 = DIRECTION ( 'NONE',  ( -1.000000000000000000, -0.000000000000000000, -0.000000000000000000 ) ) ;
#1177 = CARTESIAN_POINT ( 'NONE',  ( 5.080000000000000071, 4.231232995288885412, 2.284999999999999698 ) ) ;
#1178 = VERTEX_POINT ( 'NONE', #1230 ) ;
#1179 = EDGE_CURVE ( 'NONE', #1876, #886, #1258, .T. ) ;
#1180 = VERTEX_POINT ( 'NONE', #2073 ) ;
#1181 = ORIENTED_EDGE ( 'NONE', *, *, #2110, .F. ) ;
#1182 = LINE ( 'NONE', #809, #492 ) ;
#1183 = EDGE_CURVE ( 'NONE', #26, #1965, #518, .T. ) ;
#1184 = CARTESIAN_POINT ( 'NONE',  ( -3.529999999999999805, 7.800000000000001599, -1.015000000000000124 ) ) ;
#1185 = ORIENTED_EDGE ( 'NONE', *, *, #1933, .F. ) ;
#1186 = VECTOR ( 'NONE', #353, 1000.000000000000227 ) ;
#1187 = CARTESIAN_POINT ( 'NONE',  ( -2.580000000000000071, 13.00000000000000178, -2.284999999999999254 ) ) ;
#1188 = EDGE_CURVE ( 'NONE', #405, #1458, #1270, .T. ) ;
#1189 = DIRECTION ( 'NONE',  ( 0.06104853953485692153, -0.9981347984218670311, 0.000000000000000000 ) ) ;
#1190 = PLANE ( 'NONE',  #626 ) ;
#1191 = EDGE_LOOP ( 'NONE', ( #1694, #906, #1026, #1883 ) ) ;
#1192 = LINE ( 'NONE', #391, #1186 ) ;
#1193 = CARTESIAN_POINT ( 'NONE',  ( 1.905000000000000471, 4.099999999999999645, 0.7849999999999996980 ) ) ;
#1194 = DIRECTION ( 'NONE',  ( 0.000000000000000000, 0.000000000000000000, 1.000000000000000000 ) ) ;
#1195 = VERTEX_POINT ( 'NONE', #2085 ) ;
#1196 = VECTOR ( 'NONE', #877, 1000.000000000000000 ) ;
#1197 = PLANE ( 'NONE',  #113 ) ;
#1198 = VERTEX_POINT ( 'NONE', #1184 ) ;
#1199 = LINE ( 'NONE', #980, #477 ) ;
#1200 = DIRECTION ( 'NONE',  ( 0.000000000000000000, 1.000000000000000000, 0.000000000000000000 ) ) ;
#1201 = CLOSED_SHELL ( 'NONE', ( #1286, #1841, #2056, #1949, #2231, #1550, #462, #43, #1859, #1319, #2159, #1820, #2067, #1791, #523, #1149 ) ) ;
#1202 = FACE_OUTER_BOUND ( 'NONE', #459, .T. ) ;
#1203 = CARTESIAN_POINT ( 'NONE',  ( 0.000000000000000000, 18.47999999999999687, -1.014999999999999680 ) ) ;
#1204 = MECHANICAL_DESIGN_GEOMETRIC_PRESENTATION_REPRESENTATION (  '', ( #1780 ), #1947 ) ;
#1205 = DIRECTION ( 'NONE',  ( 1.000000000000000000, 1.057758217059028731E-16, -0.000000000000000000 ) ) ;
#1206 = DIRECTION ( 'NONE',  ( 0.000000000000000000, -5.005171518229332485E-17, 1.000000000000000000 ) ) ;
#1207 = ORIENTED_EDGE ( 'NONE', *, *, #633, .T. ) ;
#1208 = LINE ( 'NONE', #404, #1969 ) ;
#1209 = EDGE_CURVE ( 'NONE', #1102, #1866, #1263, .T. ) ;
#1210 = CARTESIAN_POINT ( 'NONE',  ( 0.4050000000000004152, 3.727404789636499658E-17, 0.7849999999999996980 ) ) ;
#1211 = VERTEX_POINT ( 'NONE', #1101 ) ;
#1212 = CIRCLE ( 'NONE', #878, 1.919999999999998153 ) ;
#1213 = EDGE_CURVE ( 'NONE', #1761, #1646, #2023, .T. ) ;
#1214 = LINE ( 'NONE', #917, #1997 ) ;
#1215 = AXIS2_PLACEMENT_3D ( 'NONE', #1250, #653, #300 ) ;
#1216 = CARTESIAN_POINT ( 'NONE',  ( -2.334999999999999076, -9.599999999999999645, 0.7849999999999996980 ) ) ;
#1217 = VECTOR ( 'NONE', #1262, 1000.000000000000000 ) ;
#1218 = CARTESIAN_POINT ( 'NONE',  ( 5.080000000000000071, 4.099999999999999645, 0.7850000000000003642 ) ) ;
#1219 = AXIS2_PLACEMENT_3D ( 'NONE', #888, #1813, #23 ) ;
#1220 = DIRECTION ( 'NONE',  ( -0.000000000000000000, 1.000000000000000000, 5.005171518229332485E-17 ) ) ;
#1221 = CARTESIAN_POINT ( 'NONE',  ( -2.580000000000000071, 13.00000000000000178, -2.284999999999999254 ) ) ;
#1222 = LINE ( 'NONE', #166, #1978 ) ;
#1223 = DIRECTION ( 'NONE',  ( 0.000000000000000000, 1.000000000000000000, 0.000000000000000000 ) ) ;
#1224 = DIRECTION ( 'NONE',  ( -1.000000000000000000, -0.000000000000000000, -0.000000000000000000 ) ) ;
#1225 = LINE ( 'NONE', #563, #1687 ) ;
#1226 = DIRECTION ( 'NONE',  ( 0.04324691840335680160, -0.1304040737894978097, 0.9905172798026879999 ) ) ;
#1227 = CARTESIAN_POINT ( 'NONE',  ( 2.580000000000000071, 13.00000000000000178, -2.284999999999999254 ) ) ;
#1228 = VECTOR ( 'NONE', #1132, 1000.000000000000000 ) ;
#1229 = ADVANCED_FACE ( 'NONE', ( #544 ), #769, .F. ) ;
#1230 = CARTESIAN_POINT ( 'NONE',  ( 2.135000000000001119, -6.192234283457061542E-17, 0.7849999999999996980 ) ) ;
#1231 = PRESENTATION_LAYER_ASSIGNMENT (  '', '', ( #1780 ) ) ;
#1232 = LINE ( 'NONE', #2221, #1228 ) ;
#1233 = DIRECTION ( 'NONE',  ( -0.7071067811865490160, 0.7071067811865460184, 0.000000000000000000 ) ) ;
#1234 = DIRECTION ( 'NONE',  ( -0.7071067811865467956, 0.7071067811865483499, 0.000000000000000000 ) ) ;
#1235 = LINE ( 'NONE', #2207, #433 ) ;
#1236 = EDGE_CURVE ( 'NONE', #1198, #764, #522, .T. ) ;
#1237 = CARTESIAN_POINT ( 'NONE',  ( -0.4049999999999982503, -9.399999999999998579, 0.7849999999999996980 ) ) ;
#1238 = CARTESIAN_POINT ( 'NONE',  ( 5.080000000000000071, 13.00000000000000178, -1.014999999999999680 ) ) ;
#1239 = FACE_OUTER_BOUND ( 'NONE', #1736, .T. ) ;
#1240 =( GEOMETRIC_REPRESENTATION_CONTEXT ( 3 ) GLOBAL_UNCERTAINTY_ASSIGNED_CONTEXT ( ( #1816 ) ) GLOBAL_UNIT_ASSIGNED_CONTEXT ( ( #929, #1290, #75 ) ) REPRESENTATION_CONTEXT ( 'NONE', 'WORKASPACE' ) );
#1241 = DIRECTION ( 'NONE',  ( -1.000000000000000000, 0.000000000000000000, 0.000000000000000000 ) ) ;
#1242 = VECTOR ( 'NONE', #724, 1000.000000000000114 ) ;
#1243 = DIRECTION ( 'NONE',  ( -0.000000000000000000, -0.000000000000000000, 1.000000000000000000 ) ) ;
#1244 = VECTOR ( 'NONE', #673, 1000.000000000000000 ) ;
#1245 = CARTESIAN_POINT ( 'NONE',  ( -2.580000000000000071, 12.00000000000000000, -1.015000000000000124 ) ) ;
#1246 = ADVANCED_FACE ( 'NONE', ( #2027 ), #1143, .F. ) ;
#1247 = CARTESIAN_POINT ( 'NONE',  ( 3.175000000000000711, 4.099999999999999645, 0.7849999999999996980 ) ) ;
#1248 = CARTESIAN_POINT ( 'NONE',  ( 3.529999999999999805, 7.800000000000001599, -2.284999999999999698 ) ) ;
#1249 = LINE ( 'NONE', #10, #450 ) ;
#1250 = CARTESIAN_POINT ( 'NONE',  ( 0.000000000000000000, -6.356567828151249803E-17, -1.014999999999999680 ) ) ;
#1251 = CARTESIAN_POINT ( 'NONE',  ( -2.944999999999998952, -9.399999999999998579, 0.4049999999999995826 ) ) ;
#1252 = VECTOR ( 'NONE', #1894, 1000.000000000000000 ) ;
#1253 = FACE_OUTER_BOUND ( 'NONE', #1639, .T. ) ;
#1254 = CARTESIAN_POINT ( 'NONE',  ( -3.529999999999999805, 7.800000000000001599, -1.015000000000000124 ) ) ;
#1255 = VECTOR ( 'NONE', #196, 1000.000000000000000 ) ;
#1256 = EDGE_CURVE ( 'NONE', #361, #1646, #2032, .T. ) ;
#1257 = DIRECTION ( 'NONE',  ( -0.000000000000000000, -0.000000000000000000, -1.000000000000000000 ) ) ;
#1258 = LINE ( 'NONE', #1697, #504 ) ;
#1259 = EDGE_CURVE ( 'NONE', #1211, #110, #2043, .T. ) ;
#1260 = LINE ( 'NONE', #953, #2046 ) ;
#1261 = EDGE_CURVE ( 'NONE', #1195, #289, #1291, .T. ) ;
#1262 = DIRECTION ( 'NONE',  ( 0.000000000000000000, -1.000000000000000000, -4.336808689942013792E-16 ) ) ;
#1263 = LINE ( 'NONE', #1337, #540 ) ;
#1264 = EDGE_CURVE ( 'NONE', #1864, #1175, #2057, .T. ) ;
#1265 = LINE ( 'NONE', #1309, #515 ) ;
#1266 = DIRECTION ( 'NONE',  ( 0.7071067811865467956, -0.7071067811865483499, -0.000000000000000000 ) ) ;
#1267 = LINE ( 'NONE', #1216, #1297 ) ;
#1268 = VECTOR ( 'NONE', #965, 1000.000000000000000 ) ;
#1269 = DIRECTION ( 'NONE',  ( 0.000000000000000000, -5.005171518229332485E-17, 1.000000000000000000 ) ) ;
#1270 = LINE ( 'NONE', #1389, #1303 ) ;
#1271 = CARTESIAN_POINT ( 'NONE',  ( 2.580000000000000071, 12.00000000000000000, -1.015000000000000124 ) ) ;
#1272 = CYLINDRICAL_SURFACE ( 'NONE', #1757, 1.919999999999998153 ) ;
#1273 = AXIS2_PLACEMENT_3D ( 'NONE', #1745, #2089, #1530 ) ;
#1274 = SURFACE_STYLE_USAGE ( .BOTH. , #1315 ) ;
#1275 = SURFACE_STYLE_USAGE ( .BOTH. , #2037 ) ;
#1276 = LINE ( 'NONE', #1464, #2049 ) ;
#1277 = DIRECTION ( 'NONE',  ( 0.7071067811865467956, -0.7071067811865483499, -0.000000000000000000 ) ) ;
#1278 = AXIS2_PLACEMENT_3D ( 'NONE', #2153, #400, #54 ) ;
#1279 = MANIFOLD_SOLID_BREP ( 'Boss-Extrude3[2]', #968 ) ;
#1280 = DIRECTION ( 'NONE',  ( 1.000000000000000000, -0.000000000000000000, -0.000000000000000000 ) ) ;
#1281 = DIRECTION ( 'NONE',  ( -0.000000000000000000, -0.000000000000000000, -1.000000000000000000 ) ) ;
#1282 = SURFACE_STYLE_USAGE ( .BOTH. , #1843 ) ;
#1283 = PLANE ( 'NONE',  #141 ) ;
#1284 = FACE_OUTER_BOUND ( 'NONE', #317, .T. ) ;
#1285 = CARTESIAN_POINT ( 'NONE',  ( 2.135000000000002451, -9.399999999999998579, 0.7849999999999996980 ) ) ;
#1286 = ADVANCED_FACE ( 'NONE', ( #2104 ), #572, .F. ) ;
#1287 = CYLINDRICAL_SURFACE ( 'NONE', #2028, 0.5999999999999999778 ) ;
#1288 = AXIS2_PLACEMENT_3D ( 'NONE', #340, #554, #162 ) ;
#1289 = DIRECTION ( 'NONE',  ( -0.000000000000000000, -0.000000000000000000, -1.000000000000000000 ) ) ;
#1290 =( NAMED_UNIT ( * ) PLANE_ANGLE_UNIT ( ) SI_UNIT ( $, .RADIAN. ) );
#1291 = LINE ( 'NONE', #1585, #546 ) ;
#1292 = CARTESIAN_POINT ( 'NONE',  ( 5.080000000000000071, 4.099999999999999645, 0.7850000000000003642 ) ) ;
#1293 = COLOUR_RGB ( '',0.7921568627450980005, 0.8196078431372548767, 0.9333333333333333481 ) ;
#1294 = CARTESIAN_POINT ( 'NONE',  ( 3.529999999999999805, 7.800000000000001599, -2.284999999999999698 ) ) ;
#1295 = PLANE ( 'NONE',  #2015 ) ;
#1296 = CARTESIAN_POINT ( 'NONE',  ( 2.135000000000001119, -6.192234283457061542E-17, 0.7849999999999996980 ) ) ;
#1297 = VECTOR ( 'NONE', #856, 1000.000000000000000 ) ;
#1298 = PRESENTATION_STYLE_ASSIGNMENT (( #1274 ) ) ;
#1299 = DIRECTION ( 'NONE',  ( 1.000000000000000000, 1.224646799147352221E-16, -0.000000000000000000 ) ) ;
#1300 = VECTOR ( 'NONE', #2213, 1000.000000000000000 ) ;
#1301 = AXIS2_PLACEMENT_3D ( 'NONE', #1948, #527, #560 ) ;
#1302 = CARTESIAN_POINT ( 'NONE',  ( 5.080000000000000959, 19.50000000000000000, -1.014999999999999680 ) ) ;
#1303 = VECTOR ( 'NONE', #1375, 1000.000000000000000 ) ;
#1304 = APPLICATION_PROTOCOL_DEFINITION ( 'draft international standard', 'automotive_design', 1998, #1606 ) ;
#1305 = DIRECTION ( 'NONE',  ( -1.384087879768729364E-16, 1.000000000000000000, 0.000000000000000000 ) ) ;
#1306 = EDGE_CURVE ( 'NONE', #1833, #304, #1345, .T. ) ;
#1307 = ADVANCED_FACE ( 'NONE', ( #2093 ), #639, .F. ) ;
#1308 = FACE_OUTER_BOUND ( 'NONE', #1741, .T. ) ;
#1309 = CARTESIAN_POINT ( 'NONE',  ( -3.273116995367965743, 12.00000000000000000, -1.015000000000000124 ) ) ;
#1310 = CARTESIAN_POINT ( 'NONE',  ( 5.080000000000000071, 13.00000000000000178, -2.285000000000000142 ) ) ;
#1311 = CARTESIAN_POINT ( 'NONE',  ( 5.063596514544323135, 4.302474875323824222, -1.909298414946398958 ) ) ;
#1312 = VECTOR ( 'NONE', #169, 1000.000000000000000 ) ;
#1313 = VECTOR ( 'NONE', #1052, 1000.000000000000000 ) ;
#1314 = EDGE_CURVE ( 'NONE', #1893, #2, #2072, .T. ) ;
#1315 = SURFACE_SIDE_STYLE ('',( #539 ) ) ;
#1316 = CARTESIAN_POINT ( 'NONE',  ( 3.273116995367965743, 12.00000000000000000, -1.015000000000000124 ) ) ;
#1317 = VECTOR ( 'NONE', #1684, 1000.000000000000000 ) ;
#1318 = DIRECTION ( 'NONE',  ( 1.586637325588543158E-16, -1.000000000000000000, 0.000000000000000000 ) ) ;
#1319 = ADVANCED_FACE ( 'NONE', ( #568 ), #510, .T. ) ;
#1320 = PLANE ( 'NONE',  #466 ) ;
#1321 = CARTESIAN_POINT ( 'NONE',  ( -2.135000000000000231, 3.727404789636499042E-17, 0.7849999999999996980 ) ) ;
#1322 = VECTOR ( 'NONE', #1485, 1000.000000000000000 ) ;
#1323 = CARTESIAN_POINT ( 'NONE',  ( -5.080000000000000071, 4.335344504884734995, -2.285000000000000142 ) ) ;
#1324 = FACE_OUTER_BOUND ( 'NONE', #1828, .T. ) ;
#1325 = AXIS2_PLACEMENT_3D ( 'NONE', #1576, #137, #1928 ) ;
#1326 = PLANE ( 'NONE',  #1586 ) ;
#1327 = EDGE_CURVE ( 'NONE', #773, #1095, #2069, .T. ) ;
#1328 = FILL_AREA_STYLE_COLOUR ( '', #2136 ) ;
#1329 = LINE ( 'NONE', #1363, #1336 ) ;
#1330 = EDGE_CURVE ( 'NONE', #375, #1127, #569, .T. ) ;
#1331 = CARTESIAN_POINT ( 'NONE',  ( -2.580000000000000071, 12.00000000000000000, -1.015000000000000124 ) ) ;
#1332 = LINE ( 'NONE', #1321, #2079 ) ;
#1333 = PLANE ( 'NONE',  #1572 ) ;
#1334 = VECTOR ( 'NONE', #2248, 1000.000000000000000 ) ;
#1335 = PLANE ( 'NONE',  #1658 ) ;
#1336 = VECTOR ( 'NONE', #1500, 1000.000000000000000 ) ;
#1337 = CARTESIAN_POINT ( 'NONE',  ( 2.745000000000002327, -9.599999999999999645, 0.7849999999999996980 ) ) ;
#1338 = VECTOR ( 'NONE', #1340, 1000.000000000000000 ) ;
#1339 = DIRECTION ( 'NONE',  ( 0.000000000000000000, -5.005171518229332485E-17, 1.000000000000000000 ) ) ;
#1340 = DIRECTION ( 'NONE',  ( -0.000000000000000000, 5.005171518229332485E-17, -1.000000000000000000 ) ) ;
#1341 = LINE ( 'NONE', #976, #623 ) ;
#1342 = CARTESIAN_POINT ( 'NONE',  ( -2.135000000000000231, 3.727404789636499042E-17, 0.4049999999999995826 ) ) ;
#1343 = DIRECTION ( 'NONE',  ( -9.227252531791530324E-17, 1.000000000000000000, -0.000000000000000000 ) ) ;
#1344 = PRESENTATION_LAYER_ASSIGNMENT (  '', '', ( #1481 ) ) ;
#1345 = LINE ( 'NONE', #501, #1322 ) ;
#1346 = DIRECTION ( 'NONE',  ( -1.000000000000000000, -1.384087879768729364E-16, 0.000000000000000000 ) ) ;
#1347 = VECTOR ( 'NONE', #1908, 1000.000000000000000 ) ;
#1348 = DIRECTION ( 'NONE',  ( -0.000000000000000000, -0.000000000000000000, 1.000000000000000000 ) ) ;
#1349 = SURFACE_STYLE_USAGE ( .BOTH. , #119 ) ;
#1350 = CARTESIAN_POINT ( 'NONE',  ( -2.945000000000000284, -6.192234283457061542E-17, 0.7849999999999996980 ) ) ;
#1351 = EDGE_CURVE ( 'NONE', #1195, #103, #611, .T. ) ;
#1352 = DIRECTION ( 'NONE',  ( -0.000000000000000000, -0.000000000000000000, -1.000000000000000000 ) ) ;
#1353 = CARTESIAN_POINT ( 'NONE',  ( 0.4050000000000004152, 3.727404789636499658E-17, 0.4049999999999995826 ) ) ;
#1354 = LINE ( 'NONE', #1660, #1317 ) ;
#1355 = PLANE ( 'NONE',  #1273 ) ;
#1356 = DIRECTION ( 'NONE',  ( 0.000000000000000000, 1.000000000000000000, 0.000000000000000000 ) ) ;
#1357 = LINE ( 'NONE', #1560, #2075 ) ;
#1358 = CARTESIAN_POINT ( 'NONE',  ( -4.880469490908097896, 12.56554675796159515, 2.285000000000000586 ) ) ;
#1359 = LINE ( 'NONE', #1528, #620 ) ;
#1360 = CARTESIAN_POINT ( 'NONE',  ( 5.080000000000000071, 4.099999999999999645, -2.285000000000366072 ) ) ;
#1361 = LINE ( 'NONE', #952, #575 ) ;
#1362 = CARTESIAN_POINT ( 'NONE',  ( 1.905000000000000915, -9.008921921495973845E-17, 0.7849999999999996980 ) ) ;
#1363 = CARTESIAN_POINT ( 'NONE',  ( 2.135000000000001119, -6.192234283457061542E-17, 0.7849999999999996980 ) ) ;
#1364 = VECTOR ( 'NONE', #2025, 1000.000000000000000 ) ;
#1365 = VECTOR ( 'NONE', #1910, 1000.000000000000000 ) ;
#1366 = AXIS2_PLACEMENT_3D ( 'NONE', #864, #669, #1673 ) ;
#1367 = CARTESIAN_POINT ( 'NONE',  ( 2.580000000000000071, 12.00000000000000000, -1.015000000000000124 ) ) ;
#1368 = VECTOR ( 'NONE', #651, 1000.000000000000000 ) ;
#1369 = VECTOR ( 'NONE', #844, 1000.000000000000000 ) ;
#1370 = EDGE_CURVE ( 'NONE', #304, #420, #2101, .T. ) ;
#1371 = DIRECTION ( 'NONE',  ( -9.227252531791530324E-17, 1.000000000000000000, -0.000000000000000000 ) ) ;
#1372 = LINE ( 'NONE', #1248, #1334 ) ;
#1373 = LINE ( 'NONE', #2120, #627 ) ;
#1374 = PLANE ( 'NONE',  #167 ) ;
#1375 = DIRECTION ( 'NONE',  ( 1.000000000000000000, 1.224646799147351975E-16, -0.000000000000000000 ) ) ;
#1376 = EDGE_CURVE ( 'NONE', #1178, #1118, #1329, .T. ) ;
#1377 = DIRECTION ( 'NONE',  ( -1.586637325588543158E-16, 1.000000000000000000, -0.000000000000000000 ) ) ;
#1378 = CARTESIAN_POINT ( 'NONE',  ( 3.175000000000000711, 4.099999999999999645, 0.7849999999999996980 ) ) ;
#1379 = VECTOR ( 'NONE', #1041, 1000.000000000000114 ) ;
#1380 = ADVANCED_FACE ( 'NONE', ( #599 ), #1190, .T. ) ;
#1381 = CARTESIAN_POINT ( 'NONE',  ( 3.529999999999999805, 7.800000000000001599, -1.015000000000000124 ) ) ;
#1382 = CARTESIAN_POINT ( 'NONE',  ( 5.080000000000000071, 4.335344504884734995, -2.285000000000000142 ) ) ;
#1383 = LINE ( 'NONE', #288, #1433 ) ;
#1384 = DIRECTION ( 'NONE',  ( 0.7071067811865467956, -0.7071067811865483499, -0.000000000000000000 ) ) ;
#1385 = FACE_OUTER_BOUND ( 'NONE', #417, .T. ) ;
#1386 = PLANE ( 'NONE',  #2227 ) ;
#1387 = VECTOR ( 'NONE', #924, 1000.000000000000000 ) ;
#1388 = CARTESIAN_POINT ( 'NONE',  ( 2.135000000000002451, -9.399999999999998579, 0.7849999999999996980 ) ) ;
#1389 = CARTESIAN_POINT ( 'NONE',  ( -0.4049999999999995270, -6.192234283457061542E-17, 0.7849999999999996980 ) ) ;
#1390 = AXIS2_PLACEMENT_3D ( 'NONE', #1579, #2103, #1750 ) ;
#1391 = FACE_OUTER_BOUND ( 'NONE', #752, .T. ) ;
#1392 = CARTESIAN_POINT ( 'NONE',  ( -2.944999999999998952, -9.399999999999998579, 0.7849999999999996980 ) ) ;
#1393 = VECTOR ( 'NONE', #595, 1000.000000000000114 ) ;
#1394 = SURFACE_STYLE_USAGE ( .BOTH. , #509 ) ;
#1395 = EDGE_CURVE ( 'NONE', #2244, #126, #1359, .T. ) ;
#1396 = DIRECTION ( 'NONE',  ( 0.000000000000000000, -1.000000000000000000, 0.000000000000000000 ) ) ;
#1397 = LINE ( 'NONE', #84, #1439 ) ;
#1398 = LINE ( 'NONE', #1367, #1421 ) ;
#1399 = VECTOR ( 'NONE', #76, 1000.000000000000000 ) ;
#1400 = EDGE_CURVE ( 'NONE', #2215, #178, #1354, .T. ) ;
#1401 = ADVANCED_FACE ( 'NONE', ( #2091 ), #804, .T. ) ;
#1402 = CARTESIAN_POINT ( 'NONE',  ( 2.335000000000002629, -9.599999999999999645, 0.7849999999999996980 ) ) ;
#1403 = UNCERTAINTY_MEASURE_WITH_UNIT (LENGTH_MEASURE( 1.000000000000000082E-05 ), #931, 'distance_accuracy_value', 'NONE');
#1404 = PRESENTATION_STYLE_ASSIGNMENT (( #1275 ) ) ;
#1405 = VECTOR ( 'NONE', #2065, 1000.000000000000000 ) ;
#1406 = CARTESIAN_POINT ( 'NONE',  ( -3.529999999999999805, 7.800000000000001599, -1.015000000000000124 ) ) ;
#1407 = VECTOR ( 'NONE', #1223, 1000.000000000000000 ) ;
#1408 = DIRECTION ( 'NONE',  ( 0.000000000000000000, 0.000000000000000000, 1.000000000000000000 ) ) ;
#1409 = LINE ( 'NONE', #1210, #1365 ) ;
#1410 = LINE ( 'NONE', #1672, #1420 ) ;
#1411 = FACE_OUTER_BOUND ( 'NONE', #121, .T. ) ;
#1412 = CARTESIAN_POINT ( 'NONE',  ( -3.529999999999999805, 7.800000000000001599, -2.284999999999999698 ) ) ;
#1413 = DIRECTION ( 'NONE',  ( -0.000000000000000000, -0.000000000000000000, -1.000000000000000000 ) ) ;
#1414 = LINE ( 'NONE', #590, #2171 ) ;
#1415 = VECTOR ( 'NONE', #2017, 1000.000000000000000 ) ;
#1416 = VECTOR ( 'NONE', #111, 1000.000000000000000 ) ;
#1417 = VECTOR ( 'NONE', #2096, 1000.000000000000000 ) ;
#1418 = CARTESIAN_POINT ( 'NONE',  ( -2.580000000000000071, 12.00000000000000000, -1.015000000000000124 ) ) ;
#1419 = FILL_AREA_STYLE_COLOUR ( '', #2060 ) ;
#1420 = VECTOR ( 'NONE', #2052, 1000.000000000000000 ) ;
#1421 = VECTOR ( 'NONE', #2053, 1000.000000000000000 ) ;
#1422 = EDGE_CURVE ( 'NONE', #289, #711, #1332, .T. ) ;
#1423 = DIRECTION ( 'NONE',  ( -0.000000000000000000, 1.000000000000000000, 5.005171518229332485E-17 ) ) ;
#1424 = VECTOR ( 'NONE', #2031, 1000.000000000000000 ) ;
#1425 = EDGE_CURVE ( 'NONE', #1458, #1965, #1341, .T. ) ;
#1426 = LINE ( 'NONE', #423, #2142 ) ;
#1427 = CARTESIAN_POINT ( 'NONE',  ( 2.135000000000002451, -9.399999999999998579, 0.4049999999999995826 ) ) ;
#1428 = FACE_OUTER_BOUND ( 'NONE', #373, .T. ) ;
#1429 = EDGE_CURVE ( 'NONE', #1833, #1652, #557, .T. ) ;
#1430 = CARTESIAN_POINT ( 'NONE',  ( -3.273116995367965743, 12.00000000000000000, -2.284999999999999698 ) ) ;
#1431 = ADVANCED_FACE ( 'NONE', ( #2095, #2121 ), #297, .F. ) ;
#1432 = CARTESIAN_POINT ( 'NONE',  ( 5.080000000000000959, 19.50000000000000000, -2.284999999999999254 ) ) ;
#1433 = VECTOR ( 'NONE', #617, 1000.000000000000000 ) ;
#1434 = FACE_OUTER_BOUND ( 'NONE', #1655, .T. ) ;
#1435 = CARTESIAN_POINT ( 'NONE',  ( -0.6350000000000001199, 4.099999999999999645, 0.7849999999999996980 ) ) ;
#1436 = SURFACE_SIDE_STYLE ('',( #551 ) ) ;
#1437 = DIRECTION ( 'NONE',  ( 0.000000000000000000, 0.9961946980917455452, -0.08715574274765838791 ) ) ;
#1438 = LINE ( 'NONE', #835, #612 ) ;
#1439 = VECTOR ( 'NONE', #789, 1000.000000000000000 ) ;
#1440 = LINE ( 'NONE', #1218, #632 ) ;
#1441 = DIRECTION ( 'NONE',  ( 1.384087879768729364E-16, -1.000000000000000000, -0.000000000000000000 ) ) ;
#1442 = CARTESIAN_POINT ( 'NONE',  ( 3.273116995367965743, 12.00000000000000000, -2.284999999999999698 ) ) ;
#1443 = APPLICATION_CONTEXT ( 'automotive_design' ) ;
#1444 = EDGE_LOOP ( 'NONE', ( #334, #760, #1471, #344, #324, #1063, #983, #2224, #1800, #1877 ) ) ;
#1445 = CARTESIAN_POINT ( 'NONE',  ( -2.944999999999998952, -9.399999999999998579, 0.4049999999999995826 ) ) ;
#1446 = AXIS2_PLACEMENT_3D ( 'NONE', #1467, #565, #605 ) ;
#1447 = FACE_OUTER_BOUND ( 'NONE', #1532, .T. ) ;
#1448 = ORIENTED_EDGE ( 'NONE', *, *, #2042, .F. ) ;
#1449 = DIRECTION ( 'NONE',  ( 0.000000000000000000, -1.000000000000000000, -4.336808689942013792E-16 ) ) ;
#1450 = DIRECTION ( 'NONE',  ( 1.000000000000000000, -0.000000000000000000, -0.000000000000000000 ) ) ;
#1451 = DIRECTION ( 'NONE',  ( -1.000000000000000000, -1.224646799147351975E-16, 0.000000000000000000 ) ) ;
#1452 = VECTOR ( 'NONE', #464, 1000.000000000000000 ) ;
#1453 = CARTESIAN_POINT ( 'NONE',  ( -0.6349999999999996758, -9.008921921495973845E-17, 0.4049999999999995826 ) ) ;
#1454 = CARTESIAN_POINT ( 'NONE',  ( 5.094496766037170943, 3.802360895609871339, -2.617030530526203158 ) ) ;
#1455 = EDGE_CURVE ( 'NONE', #1475, #1690, #559, .T. ) ;
#1456 = VERTEX_POINT ( 'NONE', #1059 ) ;
#1457 = LINE ( 'NONE', #876, #1407 ) ;
#1458 = VERTEX_POINT ( 'NONE', #694 ) ;
#1459 = DIRECTION ( 'NONE',  ( 0.000000000000000000, 5.005171518229332485E-17, -1.000000000000000000 ) ) ;
#1460 = EDGE_CURVE ( 'NONE', #1830, #1810, #1372, .T. ) ;
#1461 = VECTOR ( 'NONE', #265, 1000.000000000000000 ) ;
#1462 = CARTESIAN_POINT ( 'NONE',  ( 2.580000000000000071, 12.00000000000000000, -1.015000000000000124 ) ) ;
#1463 = ORIENTED_EDGE ( 'NONE', *, *, #412, .F. ) ;
#1464 = CARTESIAN_POINT ( 'NONE',  ( -1.904999999999999805, 1.797945538012797575E-16, 0.7849999999999996980 ) ) ;
#1465 = LINE ( 'NONE', #1831, #1536 ) ;
#1466 = ORIENTED_EDGE ( 'NONE', *, *, #542, .F. ) ;
#1467 = CARTESIAN_POINT ( 'NONE',  ( 1.905000000000000471, 4.099999999999999645, 0.7849999999999996980 ) ) ;
#1468 = DIRECTION ( 'NONE',  ( 1.334402673828313339E-16, -1.000000000000000000, 0.000000000000000000 ) ) ;
#1469 = CARTESIAN_POINT ( 'NONE',  ( 2.745000000000002327, -9.599999999999999645, 0.7849999999999996980 ) ) ;
#1470 = CIRCLE ( 'NONE', #1611, 0.5999999999999999778 ) ;
#1471 = ORIENTED_EDGE ( 'NONE', *, *, #1717, .T. ) ;
#1472 = ADVANCED_FACE ( 'NONE', ( #1324 ), #1722, .F. ) ;
#1473 = ADVANCED_FACE ( 'NONE', ( #596 ), #1038, .F. ) ;
#1474 = LINE ( 'NONE', #1311, #2218 ) ;
#1475 = VERTEX_POINT ( 'NONE', #1378 ) ;
#1476 = PRODUCT_RELATED_PRODUCT_CATEGORY ( 'part', '', ( #1171 ) ) ;
#1477 = CARTESIAN_POINT ( 'NONE',  ( 2.335000000000002629, -9.599999999999999645, 0.7849999999999996980 ) ) ;
#1478 = LINE ( 'NONE', #461, #1521 ) ;
#1479 = DIRECTION ( 'NONE',  ( 0.000000000000000000, 5.005171518229332485E-17, -1.000000000000000000 ) ) ;
#1480 = ORIENTED_EDGE ( 'NONE', *, *, #1683, .T. ) ;
#1481 = STYLED_ITEM ( 'NONE', ( #621 ), #476 ) ;
#1482 = DIRECTION ( 'NONE',  ( -1.334402673828313339E-16, -1.000000000000000000, 0.000000000000000000 ) ) ;
#1483 = EDGE_LOOP ( 'NONE', ( #1905, #30, #1578, #416 ) ) ;
#1484 = DIRECTION ( 'NONE',  ( 1.000000000000000000, 0.000000000000000000, 0.000000000000000000 ) ) ;
#1485 = DIRECTION ( 'NONE',  ( 0.000000000000000000, 1.000000000000000000, 1.040711644278498427E-16 ) ) ;
#1486 = VECTOR ( 'NONE', #422, 1000.000000000000000 ) ;
#1487 = ORIENTED_EDGE ( 'NONE', *, *, #2152, .T. ) ;
#1488 = PRESENTATION_STYLE_ASSIGNMENT (( #1349 ) ) ;
#1489 = VERTEX_POINT ( 'NONE', #536 ) ;
#1490 = EDGE_CURVE ( 'NONE', #240, #886, #1357, .T. ) ;
#1491 = ADVANCED_FACE ( 'NONE', ( #2084 ), #183, .F. ) ;
#1492 = CARTESIAN_POINT ( 'NONE',  ( -2.694222958124177993E-16, 11.09999999999999964, 2.184999999999999609 ) ) ;
#1493 = VECTOR ( 'NONE', #1625, 1000.000000000000000 ) ;
#1494 = CARTESIAN_POINT ( 'NONE',  ( -2.580000000000000071, 13.00000000000000178, -1.014999999999999680 ) ) ;
#1495 = EDGE_LOOP ( 'NONE', ( #988, #1153, #1021, #399 ) ) ;
#1496 = DIRECTION ( 'NONE',  ( 1.000000000000000000, 0.000000000000000000, 0.000000000000000000 ) ) ;
#1497 = LINE ( 'NONE', #2003, #740 ) ;
#1498 = ORIENTED_EDGE ( 'NONE', *, *, #1618, .F. ) ;
#1499 = CARTESIAN_POINT ( 'NONE',  ( -0.6350000000000001199, 4.099999999999999645, 0.4049999999999995826 ) ) ;
#1500 = DIRECTION ( 'NONE',  ( -0.000000000000000000, -0.000000000000000000, -1.000000000000000000 ) ) ;
#1501 = LINE ( 'NONE', #1825, #18 ) ;
#1502 = CARTESIAN_POINT ( 'NONE',  ( -2.694222958124177993E-16, 11.09999999999999964, 2.284999999999999254 ) ) ;
#1503 = DIRECTION ( 'NONE',  ( 1.000000000000000000, -0.000000000000000000, -0.000000000000000000 ) ) ;
#1504 = ORIENTED_EDGE ( 'NONE', *, *, #1743, .T. ) ;
#1505 = AXIS2_PLACEMENT_3D ( 'NONE', #818, #1671, #1891 ) ;
#1506 = FACE_OUTER_BOUND ( 'NONE', #406, .T. ) ;
#1507 = ORIENTED_EDGE ( 'NONE', *, *, #1158, .F. ) ;
#1508 = CARTESIAN_POINT ( 'NONE',  ( 0.000000000000000000, 16.55999999999999872, -2.284999999999999254 ) ) ;
#1509 = VECTOR ( 'NONE', #1280, 1000.000000000000000 ) ;
#1510 = EDGE_CURVE ( 'NONE', #197, #770, #2086, .T. ) ;
#1511 = EDGE_CURVE ( 'NONE', #378, #235, #564, .T. ) ;
#1512 = ORIENTED_EDGE ( 'NONE', *, *, #1977, .F. ) ;
#1513 = ORIENTED_EDGE ( 'NONE', *, *, #395, .F. ) ;
#1514 = EDGE_CURVE ( 'NONE', #1893, #1704, #2111, .T. ) ;
#1515 = PLANE ( 'NONE',  #589 ) ;
#1516 = VECTOR ( 'NONE', #1189, 1000.000000000000114 ) ;
#1517 = DIRECTION ( 'NONE',  ( -1.384087879768729364E-16, 1.000000000000000000, -0.000000000000000000 ) ) ;
#1518 = PLANE ( 'NONE',  #1366 ) ;
#1519 = VERTEX_POINT ( 'NONE', #1445 ) ;
#1520 = ADVANCED_FACE ( 'NONE', ( #608 ), #574, .F. ) ;
#1521 = VECTOR ( 'NONE', #32, 1000.000000000000000 ) ;
#1522 = ORIENTED_EDGE ( 'NONE', *, *, #1533, .T. ) ;
#1523 = LINE ( 'NONE', #53, #706 ) ;
#1524 = EDGE_LOOP ( 'NONE', ( #958, #1551, #1172, #74 ) ) ;
#1525 = CARTESIAN_POINT ( 'NONE',  ( -1.905000000000000471, 4.099999999999999645, 0.7849999999999996980 ) ) ;
#1526 = LINE ( 'NONE', #1840, #1486 ) ;
#1527 = ORIENTED_EDGE ( 'NONE', *, *, #1593, .T. ) ;
#1528 = CARTESIAN_POINT ( 'NONE',  ( 5.080000000000000071, 13.00000000000000355, -1.015000000000000124 ) ) ;
#1529 = LINE ( 'NONE', #1635, #21 ) ;
#1530 = DIRECTION ( 'NONE',  ( -1.057758217059028731E-16, 1.000000000000000000, 0.000000000000000000 ) ) ;
#1531 = DIRECTION ( 'NONE',  ( 0.000000000000000000, 5.005171518229331869E-17, -1.000000000000000000 ) ) ;
#1532 = EDGE_LOOP ( 'NONE', ( #1504, #1512, #727, #1068 ) ) ;
#1533 = EDGE_CURVE ( 'NONE', #1475, #2215, #1361, .T. ) ;
#1534 = ORIENTED_EDGE ( 'NONE', *, *, #2235, .T. ) ;
#1535 = EDGE_CURVE ( 'NONE', #1589, #1198, #581, .T. ) ;
#1536 = VECTOR ( 'NONE', #451, 1000.000000000000000 ) ;
#1537 = CARTESIAN_POINT ( 'NONE',  ( 0.2050000000000016254, -9.599999999999999645, 0.4049999999999995826 ) ) ;
#1538 = VERTEX_POINT ( 'NONE', #631 ) ;
#1539 = EDGE_CURVE ( 'NONE', #1953, #1761, #583, .T. ) ;
#1540 = CARTESIAN_POINT ( 'NONE',  ( -5.080000000000000071, 13.00000000000000178, -1.014999999999999680 ) ) ;
#1541 = LINE ( 'NONE', #36, #1565 ) ;
#1542 = ORIENTED_EDGE ( 'NONE', *, *, #481, .T. ) ;
#1543 = EDGE_CURVE ( 'NONE', #1838, #1538, #592, .T. ) ;
#1544 = CARTESIAN_POINT ( 'NONE',  ( 2.580000000000000071, 12.00000000000000000, -2.284999999999999698 ) ) ;
#1545 = DIRECTION ( 'NONE',  ( -0.06104853953485692153, 0.9981347984218670311, 0.000000000000000000 ) ) ;
#1546 = LINE ( 'NONE', #1702, #1600 ) ;
#1547 = ORIENTED_EDGE ( 'NONE', *, *, #1236, .T. ) ;
#1548 = CARTESIAN_POINT ( 'NONE',  ( -2.579999999999999627, 13.00000000000000355, -1.015000000000000124 ) ) ;
#1549 = LINE ( 'NONE', #1362, #47 ) ;
#1550 = ADVANCED_FACE ( 'NONE', ( #691 ), #1114, .T. ) ;
#1551 = ORIENTED_EDGE ( 'NONE', *, *, #1510, .T. ) ;
#1552 = LINE ( 'NONE', #997, #60 ) ;
#1553 = CARTESIAN_POINT ( 'NONE',  ( -2.580000000000000071, 12.00000000000000000, -2.284999999999999698 ) ) ;
#1554 = ORIENTED_EDGE ( 'NONE', *, *, #1306, .F. ) ;
#1555 = CARTESIAN_POINT ( 'NONE',  ( 2.945000000000002061, -9.399999999999998579, 0.7849999999999996980 ) ) ;
#1556 = AXIS2_PLACEMENT_3D ( 'NONE', #867, #372, #902 ) ;
#1557 = MANIFOLD_SOLID_BREP ( 'Boss-Extrude3[1]', #192 ) ;
#1558 = ORIENTED_EDGE ( 'NONE', *, *, #777, .T. ) ;
#1559 = CARTESIAN_POINT ( 'NONE',  ( 3.273116995367965743, 12.00000000000000000, -2.284999999999999698 ) ) ;
#1560 = CARTESIAN_POINT ( 'NONE',  ( 5.080000000000000071, 13.00000000000000178, -2.285000000000000142 ) ) ;
#1561 = FACE_OUTER_BOUND ( 'NONE', #1970, .T. ) ;
#1562 = EDGE_CURVE ( 'NONE', #410, #2215, #2150, .T. ) ;
#1563 = CARTESIAN_POINT ( 'NONE',  ( -0.2049999999999981559, -9.599999999999999645, 0.7849999999999996980 ) ) ;
#1564 = ORIENTED_EDGE ( 'NONE', *, *, #1314, .T. ) ;
#1565 = VECTOR ( 'NONE', #383, 1000.000000000000114 ) ;
#1566 = ORIENTED_EDGE ( 'NONE', *, *, #2129, .F. ) ;
#1567 = EDGE_CURVE ( 'NONE', #449, #1573, #1414, .T. ) ;
#1568 = DIRECTION ( 'NONE',  ( -0.06104853953485692153, 0.9981347984218670311, 0.000000000000000000 ) ) ;
#1569 = ADVANCED_FACE ( 'NONE', ( #1447 ), #1644, .F. ) ;
#1570 = EDGE_LOOP ( 'NONE', ( #1758, #1074, #1854, #1814 ) ) ;
#1571 = LINE ( 'NONE', #665, #86 ) ;
#1572 = AXIS2_PLACEMENT_3D ( 'NONE', #2194, #1689, #2238 ) ;
#1573 = VERTEX_POINT ( 'NONE', #1430 ) ;
#1574 = PLANE ( 'NONE',  #407 ) ;
#1575 = VECTOR ( 'NONE', #1384, 1000.000000000000000 ) ;
#1576 = CARTESIAN_POINT ( 'NONE',  ( -0.4049999999999995270, -6.192234283457061542E-17, 0.7849999999999996980 ) ) ;
#1577 = CARTESIAN_POINT ( 'NONE',  ( 0.6350000000000001199, 4.099999999999999645, 0.7849999999999996980 ) ) ;
#1578 = ORIENTED_EDGE ( 'NONE', *, *, #584, .F. ) ;
#1579 = CARTESIAN_POINT ( 'NONE',  ( -0.2049999999999981559, -9.599999999999999645, 0.7849999999999996980 ) ) ;
#1580 = VECTOR ( 'NONE', #1076, 1000.000000000000000 ) ;
#1581 = VERTEX_POINT ( 'NONE', #798 ) ;
#1582 = VECTOR ( 'NONE', #1691, 1000.000000000000000 ) ;
#1583 = CARTESIAN_POINT ( 'NONE',  ( 4.880469490908098784, 12.56554675796159515, 2.285000000000000586 ) ) ;
#1584 = ORIENTED_EDGE ( 'NONE', *, *, #1370, .T. ) ;
#1585 = CARTESIAN_POINT ( 'NONE',  ( -2.134999999999998899, -9.399999999999998579, 0.7849999999999996980 ) ) ;
#1586 = AXIS2_PLACEMENT_3D ( 'NONE', #1492, #2034, #1847 ) ;
#1587 = CARTESIAN_POINT ( 'NONE',  ( -2.580000000000000071, 12.00000000000000000, -2.284999999999999698 ) ) ;
#1588 = FACE_OUTER_BOUND ( 'NONE', #346, .T. ) ;
#1589 = VERTEX_POINT ( 'NONE', #269 ) ;
#1590 = EDGE_CURVE ( 'NONE', #896, #41, #648, .T. ) ;
#1591 = CARTESIAN_POINT ( 'NONE',  ( 2.945000000000002061, -9.399999999999998579, 0.7849999999999996980 ) ) ;
#1592 = ORIENTED_EDGE ( 'NONE', *, *, #1057, .F. ) ;
#1593 = EDGE_CURVE ( 'NONE', #2244, #1876, #1383, .T. ) ;
#1594 = ORIENTED_EDGE ( 'NONE', *, *, #610, .T. ) ;
#1595 = AXIS2_PLACEMENT_3D ( 'NONE', #1641, #1131, #1768 ) ;
#1596 = CARTESIAN_POINT ( 'NONE',  ( 2.580000000000000071, 13.00000000000000178, -1.014999999999999680 ) ) ;
#1597 = DIRECTION ( 'NONE',  ( -0.000000000000000000, 5.005171518229332485E-17, -1.000000000000000000 ) ) ;
#1598 = ORIENTED_EDGE ( 'NONE', *, *, #2131, .F. ) ;
#1599 = EDGE_CURVE ( 'NONE', #799, #1456, #2195, .T. ) ;
#1600 = VECTOR ( 'NONE', #1377, 1000.000000000000000 ) ;
#1601 = ORIENTED_EDGE ( 'NONE', *, *, #2087, .F. ) ;
#1602 = PRESENTATION_STYLE_ASSIGNMENT (( #1394 ) ) ;
#1603 = CARTESIAN_POINT ( 'NONE',  ( 4.880469490908098784, 4.231232995288885412, 2.284999999999999698 ) ) ;
#1604 = CARTESIAN_POINT ( 'NONE',  ( -0.4049999999999982503, -9.399999999999998579, 0.4049999999999995826 ) ) ;
#1605 = ORIENTED_EDGE ( 'NONE', *, *, #1680, .T. ) ;
#1606 = APPLICATION_CONTEXT ( 'automotive_design' ) ;
#1607 = VECTOR ( 'NONE', #1982, 1000.000000000000000 ) ;
#1608 = DIRECTION ( 'NONE',  ( 0.7071067811865467956, -0.7071067811865483499, -0.000000000000000000 ) ) ;
#1609 = ORIENTED_EDGE ( 'NONE', *, *, #2042, .T. ) ;
#1610 = LINE ( 'NONE', #1809, #44 ) ;
#1611 = AXIS2_PLACEMENT_3D ( 'NONE', #1123, #2041, #97 ) ;
#1612 = CARTESIAN_POINT ( 'NONE',  ( -5.080000000000000071, 13.00000000000000178, -2.284999999999999254 ) ) ;
#1613 = ORIENTED_EDGE ( 'NONE', *, *, #916, .F. ) ;
#1614 = SURFACE_STYLE_USAGE ( .BOTH. , #1436 ) ;
#1615 = EDGE_LOOP ( 'NONE', ( #374, #136, #335, #1649 ) ) ;
#1616 = ADVANCED_FACE ( 'NONE', ( #2167 ), #246, .T. ) ;
#1617 = EDGE_CURVE ( 'NONE', #770, #1111, #2154, .T. ) ;
#1618 = EDGE_CURVE ( 'NONE', #290, #1838, #1397, .T. ) ;
#1619 = CLOSED_SHELL ( 'NONE', ( #684, #242, #2097, #1229, #1491, #1473, #1246, #337, #63, #363, #212, #1401 ) ) ;
#1620 = EDGE_CURVE ( 'NONE', #1765, #402, #674, .T. ) ;
#1621 = CARTESIAN_POINT ( 'NONE',  ( 5.080000000000000959, 13.00000000000000178, -2.285000000000383835 ) ) ;
#1622 = DIRECTION ( 'NONE',  ( 1.000000000000000000, 1.384087879768729364E-16, -0.000000000000000000 ) ) ;
#1623 = ORIENTED_EDGE ( 'NONE', *, *, #35, .T. ) ;
#1624 = CARTESIAN_POINT ( 'NONE',  ( 3.529999999999999805, 7.800000000000001599, -1.015000000000000124 ) ) ;
#1625 = DIRECTION ( 'NONE',  ( -0.000000000000000000, -0.000000000000000000, -1.000000000000000000 ) ) ;
#1626 = ORIENTED_EDGE ( 'NONE', *, *, #1064, .F. ) ;
#1627 = CARTESIAN_POINT ( 'NONE',  ( -1.905000000000000471, 4.099999999999999645, 0.4049999999999995826 ) ) ;
#1628 = ORIENTED_EDGE ( 'NONE', *, *, #2070, .F. ) ;
#1629 = PLANE ( 'NONE',  #1595 ) ;
#1630 = CARTESIAN_POINT ( 'NONE',  ( 3.175000000000000711, 4.099999999999999645, 0.7849999999999996980 ) ) ;
#1631 = ORIENTED_EDGE ( 'NONE', *, *, #1954, .T. ) ;
#1632 = CARTESIAN_POINT ( 'NONE',  ( -5.080000000000000959, 19.50000000000000000, -2.284999999999999254 ) ) ;
#1633 = VERTEX_POINT ( 'NONE', #191 ) ;
#1634 = EDGE_CURVE ( 'NONE', #1705, #1833, #2191, .T. ) ;
#1635 = CARTESIAN_POINT ( 'NONE',  ( -0.4049999999999982503, -9.399999999999998579, 0.7849999999999996980 ) ) ;
#1636 = EDGE_LOOP ( 'NONE', ( #900, #1181, #1945, #1056 ) ) ;
#1637 = CARTESIAN_POINT ( 'NONE',  ( -2.580000000000000071, 12.00000000000000000, -1.015000000000000124 ) ) ;
#1638 = DIRECTION ( 'NONE',  ( -1.000000000000000000, 0.000000000000000000, -0.000000000000000000 ) ) ;
#1639 = EDGE_LOOP ( 'NONE', ( #1748, #1899, #1040, #366 ) ) ;
#1640 = EDGE_CURVE ( 'NONE', #1107, #2252, #699, .T. ) ;
#1641 = CARTESIAN_POINT ( 'NONE',  ( 2.580000000000000071, 13.00000000000000178, -1.014999999999999680 ) ) ;
#1642 = ORIENTED_EDGE ( 'NONE', *, *, #838, .T. ) ;
#1643 = EDGE_CURVE ( 'NONE', #1456, #962, #685, .T. ) ;
#1644 = PLANE ( 'NONE',  #512 ) ;
#1645 = ADVANCED_FACE ( 'NONE', ( #662 ), #1283, .F. ) ;
#1646 = VERTEX_POINT ( 'NONE', #1627 ) ;
#1647 = DIRECTION ( 'NONE',  ( 9.227252531791529091E-17, -1.000000000000000000, 0.000000000000000000 ) ) ;
#1648 = CARTESIAN_POINT ( 'NONE',  ( 0.2050000000000016254, -9.599999999999999645, 0.7849999999999996980 ) ) ;
#1649 = ORIENTED_EDGE ( 'NONE', *, *, #293, .T. ) ;
#1650 = DIRECTION ( 'NONE',  ( -1.000000000000000000, -0.000000000000000000, -0.000000000000000000 ) ) ;
#1651 = DIRECTION ( 'NONE',  ( 0.000000000000000000, 1.000000000000000000, 5.005171518229332485E-17 ) ) ;
#1652 = VERTEX_POINT ( 'NONE', #2166 ) ;
#1653 = CARTESIAN_POINT ( 'NONE',  ( 3.273116995367965743, 12.00000000000000000, -2.284999999999999698 ) ) ;
#1654 = CARTESIAN_POINT ( 'NONE',  ( -3.529999999999999805, 7.800000000000001599, -2.284999999999999698 ) ) ;
#1655 = EDGE_LOOP ( 'NONE', ( #329, #1849, #1084, #2219 ) ) ;
#1656 = CARTESIAN_POINT ( 'NONE',  ( 2.945000000000002061, -9.399999999999998579, 0.4049999999999995826 ) ) ;
#1657 = DIRECTION ( 'NONE',  ( -1.000000000000000000, -6.196543734996283899E-16, 0.000000000000000000 ) ) ;
#1658 = AXIS2_PLACEMENT_3D ( 'NONE', #2035, #839, #1675 ) ;
#1659 = PLANE ( 'NONE',  #2039 ) ;
#1660 = CARTESIAN_POINT ( 'NONE',  ( 1.905000000000000471, 4.099999999999999645, 0.4049999999999995826 ) ) ;
#1661 = EDGE_CURVE ( 'NONE', #714, #12, #2177, .T. ) ;
#1662 = DIRECTION ( 'NONE',  ( 0.000000000000000000, -1.000000000000000000, -1.040711644278498427E-16 ) ) ;
#1663 = DIRECTION ( 'NONE',  ( 1.000000000000000000, -0.000000000000000000, -0.000000000000000000 ) ) ;
#1664 = VECTOR ( 'NONE', #1935, 1000.000000000000000 ) ;
#1665 = EDGE_CURVE ( 'NONE', #420, #1652, #2199, .T. ) ;
#1666 = DIRECTION ( 'NONE',  ( 0.000000000000000000, 5.005171518229331869E-17, -1.000000000000000000 ) ) ;
#1667 = FACE_OUTER_BOUND ( 'NONE', #1773, .T. ) ;
#1668 = DIRECTION ( 'NONE',  ( -0.000000000000000000, 0.9961946980917455452, 0.08715574274765822138 ) ) ;
#1669 = LINE ( 'NONE', #1753, #1692 ) ;
#1670 = DIRECTION ( 'NONE',  ( -1.000000000000000000, 0.000000000000000000, -0.000000000000000000 ) ) ;
#1671 = DIRECTION ( 'NONE',  ( 0.000000000000000000, 1.040711644278498427E-16, -1.000000000000000000 ) ) ;
#1672 = CARTESIAN_POINT ( 'NONE',  ( 3.175000000000001599, 6.544092427675418123E-17, 0.7849999999999996980 ) ) ;
#1673 = DIRECTION ( 'NONE',  ( 0.000000000000000000, 0.000000000000000000, 1.000000000000000000 ) ) ;
#1674 = AXIS2_PLACEMENT_3D ( 'NONE', #606, #731, #1484 ) ;
#1675 = DIRECTION ( 'NONE',  ( 0.000000000000000000, 0.1305261922200521008, -0.9914448613738103822 ) ) ;
#1676 = AXIS2_PLACEMENT_3D ( 'NONE', #1555, #1233, #1921 ) ;
#1677 = CARTESIAN_POINT ( 'NONE',  ( -0.2049999999999981559, -9.599999999999999645, 0.4049999999999995826 ) ) ;
#1678 = CARTESIAN_POINT ( 'NONE',  ( 1.905000000000000915, -9.008921921495973845E-17, 0.4049999999999995826 ) ) ;
#1679 = ADVANCED_FACE ( 'NONE', ( #652 ), #446, .F. ) ;
#1680 = EDGE_CURVE ( 'NONE', #1581, #1107, #636, .T. ) ;
#1681 = CARTESIAN_POINT ( 'NONE',  ( 3.175000000000001599, 6.544092427675418123E-17, 0.7849999999999996980 ) ) ;
#1682 = ORIENTED_EDGE ( 'NONE', *, *, #40, .F. ) ;
#1683 = EDGE_CURVE ( 'NONE', #2240, #240, #1457, .T. ) ;
#1684 = DIRECTION ( 'NONE',  ( -1.000000000000000000, -0.000000000000000000, -0.000000000000000000 ) ) ;
#1685 = VERTEX_POINT ( 'NONE', #668 ) ;
#1686 = AXIS2_PLACEMENT_3D ( 'NONE', #1104, #914, #735 ) ;
#1687 = VECTOR ( 'NONE', #1241, 1000.000000000000000 ) ;
#1688 = CARTESIAN_POINT ( 'NONE',  ( -0.6349999999999996758, -9.008921921495973845E-17, 0.7849999999999996980 ) ) ;
#1689 = DIRECTION ( 'NONE',  ( 0.000000000000000000, 0.000000000000000000, -1.000000000000000000 ) ) ;
#1690 = VERTEX_POINT ( 'NONE', #1193 ) ;
#1691 = DIRECTION ( 'NONE',  ( -1.000000000000000000, -0.000000000000000000, -0.000000000000000000 ) ) ;
#1692 = VECTOR ( 'NONE', #1277, 1000.000000000000000 ) ;
#1693 = AXIS2_PLACEMENT_3D ( 'NONE', #17, #767, #750 ) ;
#1694 = ORIENTED_EDGE ( 'NONE', *, *, #321, .F. ) ;
#1695 = EDGE_LOOP ( 'NONE', ( #223, #1554, #298, #1053, #233, #1480, #996 ) ) ;
#1696 = ADVANCED_FACE ( 'NONE', ( #679 ), #1355, .F. ) ;
#1697 = CARTESIAN_POINT ( 'NONE',  ( 2.580000000000000071, 13.00000000000000178, -1.014999999999999680 ) ) ;
#1698 = ORIENTED_EDGE ( 'NONE', *, *, #2180, .T. ) ;
#1699 = VERTEX_POINT ( 'NONE', #2220 ) ;
#1700 = DIRECTION ( 'NONE',  ( -0.000000000000000000, -0.000000000000000000, 1.000000000000000000 ) ) ;
#1701 = ORIENTED_EDGE ( 'NONE', *, *, #1543, .F. ) ;
#1702 = CARTESIAN_POINT ( 'NONE',  ( -1.905000000000000471, 4.099999999999999645, 0.7849999999999996980 ) ) ;
#1703 = CARTESIAN_POINT ( 'NONE',  ( 0.000000000000000000, -6.356567828151249803E-17, -1.014999999999999680 ) ) ;
#1704 = VERTEX_POINT ( 'NONE', #1381 ) ;
#1705 = VERTEX_POINT ( 'NONE', #2193 ) ;
#1706 = VECTOR ( 'NONE', #2083, 1000.000000000000000 ) ;
#1707 = CARTESIAN_POINT ( 'NONE',  ( 5.080000000000000071, 13.00000000000000178, -1.014999999999999680 ) ) ;
#1708 = AXIS2_PLACEMENT_3D ( 'NONE', #294, #873, #123 ) ;
#1709 = ORIENTED_EDGE ( 'NONE', *, *, #744, .F. ) ;
#1710 = ORIENTED_EDGE ( 'NONE', *, *, #1455, .F. ) ;
#1711 = LINE ( 'NONE', #220, #995 ) ;
#1712 = CARTESIAN_POINT ( 'NONE',  ( 0.000000000000000000, 18.47999999999999687, -2.284999999999999254 ) ) ;
#1713 = CARTESIAN_POINT ( 'NONE',  ( 2.945000000000001172, 3.727404789636499658E-17, 0.4049999999999995826 ) ) ;
#1714 = VERTEX_POINT ( 'NONE', #1237 ) ;
#1715 = ORIENTED_EDGE ( 'NONE', *, *, #3, .F. ) ;
#1716 = FACE_OUTER_BOUND ( 'NONE', #222, .T. ) ;
#1717 = EDGE_CURVE ( 'NONE', #308, #405, #2203, .T. ) ;
#1718 = DIRECTION ( 'NONE',  ( 1.000000000000000000, 0.000000000000000000, 0.000000000000000000 ) ) ;
#1719 = ORIENTED_EDGE ( 'NONE', *, *, #2216, .F. ) ;
#1720 = ORIENTED_EDGE ( 'NONE', *, *, #471, .T. ) ;
#1721 = VECTOR ( 'NONE', #2198, 1000.000000000000000 ) ;
#1722 = PLANE ( 'NONE',  #553 ) ;
#1723 = ORIENTED_EDGE ( 'NONE', *, *, #1535, .T. ) ;
#1724 = EDGE_LOOP ( 'NONE', ( #1072, #1776, #1066, #280 ) ) ;
#1725 = LINE ( 'NONE', #616, #1738 ) ;
#1726 = CARTESIAN_POINT ( 'NONE',  ( 2.580000000000000071, 13.00000000000000178, -2.284999999999999254 ) ) ;
#1727 = VERTEX_POINT ( 'NONE', #1061 ) ;
#1728 = ORIENTED_EDGE ( 'NONE', *, *, #1057, .T. ) ;
#1729 = LINE ( 'NONE', #1839, #268 ) ;
#1730 = PLANE ( 'NONE',  #1301 ) ;
#1731 = CARTESIAN_POINT ( 'NONE',  ( 5.024550602506177910, 13.00000000000000355, -1.015000000000000124 ) ) ;
#1732 = ORIENTED_EDGE ( 'NONE', *, *, #916, .T. ) ;
#1733 = ORIENTED_EDGE ( 'NONE', *, *, #1665, .T. ) ;
#1734 = VECTOR ( 'NONE', #1817, 1000.000000000000000 ) ;
#1735 = CARTESIAN_POINT ( 'NONE',  ( 1.905000000000000471, 4.099999999999999645, 0.4049999999999995826 ) ) ;
#1736 = EDGE_LOOP ( 'NONE', ( #938, #8, #840, #1513, #1129, #342, #788 ) ) ;
#1737 = ORIENTED_EDGE ( 'NONE', *, *, #1179, .T. ) ;
#1738 = VECTOR ( 'NONE', #73, 1000.000000000000000 ) ;
#1739 = DIRECTION ( 'NONE',  ( -2.115516434118057709E-16, 1.000000000000000000, -0.000000000000000000 ) ) ;
#1740 = EDGE_LOOP ( 'NONE', ( #1527, #78, #1922, #955, #1165, #1728, #979, #20 ) ) ;
#1741 = EDGE_LOOP ( 'NONE', ( #397, #105, #1923, #1781 ) ) ;
#1742 = FACE_OUTER_BOUND ( 'NONE', #1524, .T. ) ;
#1743 = EDGE_CURVE ( 'NONE', #193, #375, #625, .T. ) ;
#1744 = ADVANCED_FACE ( 'NONE', ( #2140 ), #524, .F. ) ;
#1745 = CARTESIAN_POINT ( 'NONE',  ( -0.6349999999999996758, -9.008921921495973845E-17, 0.7849999999999996980 ) ) ;
#1746 = DIRECTION ( 'NONE',  ( 0.000000000000000000, 1.000000000000000000, 1.040711644278498427E-16 ) ) ;
#1747 = EDGE_LOOP ( 'NONE', ( #255, #1879, #832, #1737 ) ) ;
#1748 = ORIENTED_EDGE ( 'NONE', *, *, #159, .F. ) ;
#1749 = VECTOR ( 'NONE', #1882, 1000.000000000000000 ) ;
#1750 = DIRECTION ( 'NONE',  ( -0.7071067811865467956, 0.7071067811865483499, 0.000000000000000000 ) ) ;
#1751 = VECTOR ( 'NONE', #1371, 1000.000000000000000 ) ;
#1752 = EDGE_CURVE ( 'NONE', #1714, #365, #641, .T. ) ;
#1753 = CARTESIAN_POINT ( 'NONE',  ( -2.744999999999998774, -9.599999999999999645, 0.4049999999999995826 ) ) ;
#1754 = ORIENTED_EDGE ( 'NONE', *, *, #1599, .F. ) ;
#1755 = VERTEX_POINT ( 'NONE', #1944 ) ;
#1756 = LINE ( 'NONE', #785, #250 ) ;
#1757 = AXIS2_PLACEMENT_3D ( 'NONE', #842, #825, #1200 ) ;
#1758 = ORIENTED_EDGE ( 'NONE', *, *, #585, .T. ) ;
#1759 = CARTESIAN_POINT ( 'NONE',  ( -1.905000000000000471, 4.099999999999999645, 0.7849999999999996980 ) ) ;
#1760 = ORIENTED_EDGE ( 'NONE', *, *, #2206, .T. ) ;
#1761 = VERTEX_POINT ( 'NONE', #2064 ) ;
#1762 = LINE ( 'NONE', #869, #1721 ) ;
#1763 = LINE ( 'NONE', #1596, #176 ) ;
#1764 = EDGE_CURVE ( 'NONE', #259, #1881, #2158, .T. ) ;
#1765 = VERTEX_POINT ( 'NONE', #1726 ) ;
#1766 = ORIENTED_EDGE ( 'NONE', *, *, #2005, .T. ) ;
#1767 = FACE_OUTER_BOUND ( 'NONE', #978, .T. ) ;
#1768 = DIRECTION ( 'NONE',  ( 0.000000000000000000, 0.000000000000000000, -1.000000000000000000 ) ) ;
#1769 = CARTESIAN_POINT ( 'NONE',  ( -0.6000000000000001998, 11.09999999999999964, 2.284999999999999254 ) ) ;
#1770 = ORIENTED_EDGE ( 'NONE', *, *, #1256, .T. ) ;
#1771 = ORIENTED_EDGE ( 'NONE', *, *, #395, .T. ) ;
#1772 = LINE ( 'NONE', #1462, #218 ) ;
#1773 = EDGE_LOOP ( 'NONE', ( #819, #824, #848, #1564 ) ) ;
#1774 = DIRECTION ( 'NONE',  ( 0.9981347984218670311, 0.06104853953485692153, 3.055584113093632597E-18 ) ) ;
#1775 = ORIENTED_EDGE ( 'NONE', *, *, #92, .T. ) ;
#1776 = ORIENTED_EDGE ( 'NONE', *, *, #1892, .F. ) ;
#1777 = FACE_OUTER_BOUND ( 'NONE', #807, .T. ) ;
#1778 = ORIENTED_EDGE ( 'NONE', *, *, #1395, .T. ) ;
#1779 = DIRECTION ( 'NONE',  ( -1.000000000000000000, -0.000000000000000000, -0.000000000000000000 ) ) ;
#1780 = STYLED_ITEM ( 'NONE', ( #490 ), #1279 ) ;
#1781 = ORIENTED_EDGE ( 'NONE', *, *, #866, .T. ) ;
#1782 = EDGE_LOOP ( 'NONE', ( #1448, #2236, #1846, #2211, #351, #1507, #1065, #1060, #5, #1884 ) ) ;
#1783 = LINE ( 'NONE', #1049, #230 ) ;
#1784 = EDGE_LOOP ( 'NONE', ( #944, #1605, #1916, #401 ) ) ;
#1785 = CARTESIAN_POINT ( 'NONE',  ( -2.580000000000000071, 13.00000000000000178, -1.014999999999999680 ) ) ;
#1786 = AXIS2_PLACEMENT_3D ( 'NONE', #1000, #1531, #1356 ) ;
#1787 = ORIENTED_EDGE ( 'NONE', *, *, #859, .F. ) ;
#1788 = ORIENTED_EDGE ( 'NONE', *, *, #880, .T. ) ;
#1789 = LINE ( 'NONE', #1080, #285 ) ;
#1790 = CARTESIAN_POINT ( 'NONE',  ( -3.175000000000000711, 4.099999999999999645, 0.7849999999999996980 ) ) ;
#1791 = ADVANCED_FACE ( 'NONE', ( #667, #1391 ), #314, .F. ) ;
#1792 = ORIENTED_EDGE ( 'NONE', *, *, #609, .T. ) ;
#1793 = ORIENTED_EDGE ( 'NONE', *, *, #1856, .T. ) ;
#1794 = LINE ( 'NONE', #79, #1024 ) ;
#1795 = CARTESIAN_POINT ( 'NONE',  ( 2.945000000000001172, 3.727404789636499658E-17, 0.7849999999999996980 ) ) ;
#1796 = PRODUCT_CONTEXT ( 'NONE', #1606, 'mechanical' ) ;
#1797 = EDGE_CURVE ( 'NONE', #2200, #454, #2147, .T. ) ;
#1798 = ORIENTED_EDGE ( 'NONE', *, *, #1029, .F. ) ;
#1799 = CLOSED_SHELL ( 'NONE', ( #1020, #2141, #1645, #1067, #148, #579, #270, #759, #1431, #658, #634, #1152, #1927, #1380, #541, #1307, #780, #1045, #942, #737, #1679 ) ) ;
#1800 = ORIENTED_EDGE ( 'NONE', *, *, #155, .T. ) ;
#1801 = LINE ( 'NONE', #31, #964 ) ;
#1802 = ORIENTED_EDGE ( 'NONE', *, *, #385, .F. ) ;
#1803 = CARTESIAN_POINT ( 'NONE',  ( -3.175000000000000711, 4.099999999999999645, 0.4049999999999995826 ) ) ;
#1804 = DIRECTION ( 'NONE',  ( -0.04345371644180892612, -0.08707341902108674259, 0.9952537335912752248 ) ) ;
#1805 =( LENGTH_UNIT ( ) NAMED_UNIT ( * ) SI_UNIT ( .MILLI., .METRE. ) );
#1806 = EDGE_CURVE ( 'NONE', #339, #410, #1410, .T. ) ;
#1807 = ORIENTED_EDGE ( 'NONE', *, *, #753, .F. ) ;
#1808 = EDGE_LOOP ( 'NONE', ( #821, #1934 ) ) ;
#1809 = CARTESIAN_POINT ( 'NONE',  ( -5.080000000000000959, 19.50000000000000000, -1.014999999999999680 ) ) ;
#1810 = VERTEX_POINT ( 'NONE', #1412 ) ;
#1811 = EDGE_LOOP ( 'NONE', ( #2209, #1798, #1860, #1011 ) ) ;
#1812 = VERTEX_POINT ( 'NONE', #1477 ) ;
#1813 = DIRECTION ( 'NONE',  ( 0.9990482215818579093, 4.539520434739642356E-18, -0.04361938736533296085 ) ) ;
#1814 = ORIENTED_EDGE ( 'NONE', *, *, #2114, .T. ) ;
#1815 = EDGE_LOOP ( 'NONE', ( #262, #937, #275, #814 ) ) ;
#1816 = UNCERTAINTY_MEASURE_WITH_UNIT (LENGTH_MEASURE( 1.000000000000000082E-05 ), #929, 'distance_accuracy_value', 'NONE');
#1817 = DIRECTION ( 'NONE',  ( 0.04361938736533276656, -1.364623939851124154E-15, -0.9990482215818579093 ) ) ;
#1818 = APPLICATION_PROTOCOL_DEFINITION ( 'draft international standard', 'automotive_design', 1998, #1443 ) ;
#1819 = CARTESIAN_POINT ( 'NONE',  ( -1.904999999999999805, 1.797945538012797575E-16, 0.7849999999999996980 ) ) ;
#1820 = ADVANCED_FACE ( 'NONE', ( #746 ), #1629, .T. ) ;
#1821 = DIRECTION ( 'NONE',  ( 0.000000000000000000, -1.000000000000000000, -4.336808689942013792E-16 ) ) ;
#1822 = EDGE_LOOP ( 'NONE', ( #1022, #1106, #206, #1594 ) ) ;
#1823 = AXIS2_PLACEMENT_3D ( 'NONE', #2161, #591, #1647 ) ;
#1824 = PLANE ( 'NONE',  #1446 ) ;
#1825 = CARTESIAN_POINT ( 'NONE',  ( 0.6350000000000001199, 4.099999999999999645, 0.4049999999999995826 ) ) ;
#1826 = ORIENTED_EDGE ( 'NONE', *, *, #1422, .T. ) ;
#1827 = CARTESIAN_POINT ( 'NONE',  ( 0.4050000000000013034, -9.399999999999998579, 0.7849999999999996980 ) ) ;
#1828 = EDGE_LOOP ( 'NONE', ( #1623, #925, #1709, #1770 ) ) ;
#1829 = EDGE_CURVE ( 'NONE', #110, #410, #1465, .T. ) ;
#1830 = VERTEX_POINT ( 'NONE', #547 ) ;
#1831 = CARTESIAN_POINT ( 'NONE',  ( 3.175000000000001599, 6.544092427675418123E-17, 0.4049999999999995826 ) ) ;
#1832 = CARTESIAN_POINT ( 'NONE',  ( 0.6350000000000007860, 6.544092427675418123E-17, 0.4049999999999995826 ) ) ;
#1833 = VERTEX_POINT ( 'NONE', #1603 ) ;
#1834 = DIRECTION ( 'NONE',  ( 0.000000000000000000, 5.005171518229332485E-17, -1.000000000000000000 ) ) ;
#1835 = FILL_AREA_STYLE_COLOUR ( '', #1293 ) ;
#1836 = ORIENTED_EDGE ( 'NONE', *, *, #155, .F. ) ;
#1837 = CARTESIAN_POINT ( 'NONE',  ( 2.945000000000002061, -9.399999999999998579, 0.7849999999999996980 ) ) ;
#1838 = VERTEX_POINT ( 'NONE', #238 ) ;
#1839 = CARTESIAN_POINT ( 'NONE',  ( 3.529999999999999805, 7.800000000000001599, -1.015000000000000124 ) ) ;
#1840 = CARTESIAN_POINT ( 'NONE',  ( -2.134999999999998899, -9.399999999999998579, 0.4049999999999995826 ) ) ;
#1841 = ADVANCED_FACE ( 'NONE', ( #790 ), #2138, .T. ) ;
#1842 = ORIENTED_EDGE ( 'NONE', *, *, #1213, .F. ) ;
#1843 = SURFACE_SIDE_STYLE ('',( #2185 ) ) ;
#1844 = CARTESIAN_POINT ( 'NONE',  ( -5.080000000000000959, 19.50000000000000000, -2.284999999999999254 ) ) ;
#1845 = ORIENTED_EDGE ( 'NONE', *, *, #2189, .T. ) ;
#1846 = ORIENTED_EDGE ( 'NONE', *, *, #1330, .F. ) ;
#1847 = DIRECTION ( 'NONE',  ( 1.000000000000000000, 0.000000000000000000, -0.000000000000000000 ) ) ;
#1848 = CARTESIAN_POINT ( 'NONE',  ( -2.580000000000000071, 12.00000000000000000, -2.284999999999999698 ) ) ;
#1849 = ORIENTED_EDGE ( 'NONE', *, *, #1806, .F. ) ;
#1850 = EDGE_LOOP ( 'NONE', ( #2197, #1887, #1836, #1105 ) ) ;
#1851 = AXIS2_PLACEMENT_3D ( 'NONE', #645, #127, #505 ) ;
#1852 = VERTEX_POINT ( 'NONE', #1973 ) ;
#1853 = VERTEX_POINT ( 'NONE', #1996 ) ;
#1854 = ORIENTED_EDGE ( 'NONE', *, *, #2092, .F. ) ;
#1855 = ORIENTED_EDGE ( 'NONE', *, *, #1460, .F. ) ;
#1856 = EDGE_CURVE ( 'NONE', #1180, #1950, #1523, .T. ) ;
#1857 = ORIENTED_EDGE ( 'NONE', *, *, #321, .T. ) ;
#1858 = EDGE_LOOP ( 'NONE', ( #1909, #1902, #284, #398 ) ) ;
#1859 = ADVANCED_FACE ( 'NONE', ( #1506 ), #723, .T. ) ;
#1860 = ORIENTED_EDGE ( 'NONE', *, *, #2020, .F. ) ;
#1861 = VERTEX_POINT ( 'NONE', #926 ) ;
#1862 = EDGE_LOOP ( 'NONE', ( #388, #96, #837, #1720 ) ) ;
#1863 = EDGE_CURVE ( 'NONE', #341, #378, #1, .T. ) ;
#1864 = VERTEX_POINT ( 'NONE', #1150 ) ;
#1865 = CARTESIAN_POINT ( 'NONE',  ( -3.273116995367965743, 12.00000000000000000, -1.015000000000000124 ) ) ;
#1866 = VERTEX_POINT ( 'NONE', #9 ) ;
#1867 = ORIENTED_EDGE ( 'NONE', *, *, #582, .F. ) ;
#1868 = CARTESIAN_POINT ( 'NONE',  ( -2.744999999999998774, -9.599999999999999645, 0.7849999999999996980 ) ) ;
#1869 = ORIENTED_EDGE ( 'NONE', *, *, #2058, .F. ) ;
#1870 = VERTEX_POINT ( 'NONE', #898 ) ;
#1871 = ORIENTED_EDGE ( 'NONE', *, *, #690, .F. ) ;
#1872 = CARTESIAN_POINT ( 'NONE',  ( -3.273116995367965743, 12.00000000000000000, -2.284999999999999698 ) ) ;
#1873 = ORIENTED_EDGE ( 'NONE', *, *, #833, .T. ) ;
#1874 = DIRECTION ( 'NONE',  ( -0.000000000000000000, 1.000000000000000000, 4.336808689942013792E-16 ) ) ;
#1875 = EDGE_LOOP ( 'NONE', ( #1047, #1719, #950, #1085 ) ) ;
#1876 = VERTEX_POINT ( 'NONE', #1088 ) ;
#1877 = ORIENTED_EDGE ( 'NONE', *, *, #1618, .T. ) ;
#1878 = ORIENTED_EDGE ( 'NONE', *, *, #1351, .T. ) ;
#1879 = ORIENTED_EDGE ( 'NONE', *, *, #519, .F. ) ;
#1880 = DIRECTION ( 'NONE',  ( 0.000000000000000000, 1.000000000000000000, 0.000000000000000000 ) ) ;
#1881 = VERTEX_POINT ( 'NONE', #214 ) ;
#1882 = DIRECTION ( 'NONE',  ( -9.227252531791530324E-17, 1.000000000000000000, -0.000000000000000000 ) ) ;
#1883 = ORIENTED_EDGE ( 'NONE', *, *, #287, .T. ) ;
#1884 = ORIENTED_EDGE ( 'NONE', *, *, #2045, .F. ) ;
#1885 = EDGE_CURVE ( 'NONE', #2244, #1095, #11, .T. ) ;
#1886 = DIRECTION ( 'NONE',  ( -0.000000000000000000, -0.000000000000000000, 1.000000000000000000 ) ) ;
#1887 = ORIENTED_EDGE ( 'NONE', *, *, #567, .F. ) ;
#1888 = ORIENTED_EDGE ( 'NONE', *, *, #777, .F. ) ;
#1889 = ORIENTED_EDGE ( 'NONE', *, *, #739, .F. ) ;
#1890 = DIRECTION ( 'NONE',  ( 1.000000000000000000, 0.000000000000000000, 0.000000000000000000 ) ) ;
#1891 = DIRECTION ( 'NONE',  ( 0.000000000000000000, 1.000000000000000000, 1.040711644278498427E-16 ) ) ;
#1892 = EDGE_CURVE ( 'NONE', #1685, #738, #2214, .T. ) ;
#1893 = VERTEX_POINT ( 'NONE', #282 ) ;
#1894 = DIRECTION ( 'NONE',  ( 0.000000000000000000, 5.005171518229332485E-17, -1.000000000000000000 ) ) ;
#1895 = ORIENTED_EDGE ( 'NONE', *, *, #1422, .F. ) ;
#1896 = ORIENTED_EDGE ( 'NONE', *, *, #1892, .T. ) ;
#1897 = VERTEX_POINT ( 'NONE', #88 ) ;
#1898 = ORIENTED_EDGE ( 'NONE', *, *, #833, .F. ) ;
#1899 = ORIENTED_EDGE ( 'NONE', *, *, #1952, .F. ) ;
#1900 = EDGE_CURVE ( 'NONE', #1881, #1861, #726, .T. ) ;
#1901 = DIRECTION ( 'NONE',  ( 1.384087879768729364E-16, -1.000000000000000000, 0.000000000000000000 ) ) ;
#1902 = ORIENTED_EDGE ( 'NONE', *, *, #1314, .F. ) ;
#1903 = ORIENTED_EDGE ( 'NONE', *, *, #1900, .T. ) ;
#1904 = CARTESIAN_POINT ( 'NONE',  ( 0.4050000000000013034, -9.399999999999998579, 0.4049999999999995826 ) ) ;
#1905 = ORIENTED_EDGE ( 'NONE', *, *, #1327, .T. ) ;
#1906 = EDGE_LOOP ( 'NONE', ( #313, #1098, #1802, #252 ) ) ;
#1907 = CARTESIAN_POINT ( 'NONE',  ( 1.905000000000000915, -9.008921921495973845E-17, 0.7849999999999996980 ) ) ;
#1908 = DIRECTION ( 'NONE',  ( -1.000000000000000000, -0.000000000000000000, -0.000000000000000000 ) ) ;
#1909 = ORIENTED_EDGE ( 'NONE', *, *, #2131, .T. ) ;
#1910 = DIRECTION ( 'NONE',  ( -0.000000000000000000, -0.000000000000000000, -1.000000000000000000 ) ) ;
#1911 = ORIENTED_EDGE ( 'NONE', *, *, #610, .F. ) ;
#1912 =( GEOMETRIC_REPRESENTATION_CONTEXT ( 3 ) GLOBAL_UNCERTAINTY_ASSIGNED_CONTEXT ( ( #529 ) ) GLOBAL_UNIT_ASSIGNED_CONTEXT ( ( #2245, #1055, #382 ) ) REPRESENTATION_CONTEXT ( 'NONE', 'WORKASPACE' ) );
#1913 = CARTESIAN_POINT ( 'NONE',  ( 2.335000000000002629, -9.599999999999999645, 0.4049999999999995826 ) ) ;
#1914 = ORIENTED_EDGE ( 'NONE', *, *, #140, .T. ) ;
#1915 = ORIENTED_EDGE ( 'NONE', *, *, #1999, .T. ) ;
#1916 = ORIENTED_EDGE ( 'NONE', *, *, #1640, .T. ) ;
#1917 = EDGE_CURVE ( 'NONE', #1112, #1119, #720, .T. ) ;
#1918 = CARTESIAN_POINT ( 'NONE',  ( -2.134999999999998899, -9.399999999999998579, 0.7849999999999996980 ) ) ;
#1919 = VERTEX_POINT ( 'NONE', #1653 ) ;
#1920 = DIRECTION ( 'NONE',  ( -0.000000000000000000, 5.005171518229332485E-17, -1.000000000000000000 ) ) ;
#1921 = DIRECTION ( 'NONE',  ( -0.7071067811865460184, -0.7071067811865490160, 0.000000000000000000 ) ) ;
#1922 = ORIENTED_EDGE ( 'NONE', *, *, #2047, .T. ) ;
#1923 = ORIENTED_EDGE ( 'NONE', *, *, #447, .T. ) ;
#1924 = FILL_AREA_STYLE ('',( #860 ) ) ;
#1925 = DIRECTION ( 'NONE',  ( -1.000000000000000000, 0.000000000000000000, 0.000000000000000000 ) ) ;
#1926 = ORIENTED_EDGE ( 'NONE', *, *, #204, .F. ) ;
#1927 = ADVANCED_FACE ( 'NONE', ( #2208 ), #1326, .T. ) ;
#1928 = DIRECTION ( 'NONE',  ( -1.000000000000000000, -1.224646799147351975E-16, 0.000000000000000000 ) ) ;
#1929 = DIRECTION ( 'NONE',  ( 1.000000000000000000, 0.000000000000000000, -0.000000000000000000 ) ) ;
#1930 = ORIENTED_EDGE ( 'NONE', *, *, #744, .T. ) ;
#1931 = MANIFOLD_SOLID_BREP ( 'Cut-Extrude2', #1799 ) ;
#1932 = VERTEX_POINT ( 'NONE', #1099 ) ;
#1933 = EDGE_CURVE ( 'NONE', #454, #1761, #763, .T. ) ;
#1934 = ORIENTED_EDGE ( 'NONE', *, *, #1640, .F. ) ;
#1935 = DIRECTION ( 'NONE',  ( -0.000000000000000000, 5.005171518229332485E-17, -1.000000000000000000 ) ) ;
#1936 = ORIENTED_EDGE ( 'NONE', *, *, #175, .T. ) ;
#1937 = DIRECTION ( 'NONE',  ( 1.000000000000000000, -0.000000000000000000, -0.000000000000000000 ) ) ;
#1938 = EDGE_LOOP ( 'NONE', ( #180, #389, #1626, #1873 ) ) ;
#1939 = DIRECTION ( 'NONE',  ( 0.000000000000000000, 5.005171518229332485E-17, -1.000000000000000000 ) ) ;
#1940 = VERTEX_POINT ( 'NONE', #1612 ) ;
#1941 = VECTOR ( 'NONE', #215, 1000.000000000000000 ) ;
#1942 =( NAMED_UNIT ( * ) PLANE_ANGLE_UNIT ( ) SI_UNIT ( $, .RADIAN. ) );
#1943 = DIRECTION ( 'NONE',  ( 0.7071067811865483499, 0.7071067811865467956, -0.000000000000000000 ) ) ;
#1944 = CARTESIAN_POINT ( 'NONE',  ( 0.2050000000000016254, -9.599999999999999645, 0.7849999999999996980 ) ) ;
#1945 = ORIENTED_EDGE ( 'NONE', *, *, #561, .F. ) ;
#1946 = CIRCLE ( 'NONE', #1786, 1.919999999999998153 ) ;
#1947 =( GEOMETRIC_REPRESENTATION_CONTEXT ( 3 ) GLOBAL_UNCERTAINTY_ASSIGNED_CONTEXT ( ( #458 ) ) GLOBAL_UNIT_ASSIGNED_CONTEXT ( ( #1805, #1990, #2134 ) ) REPRESENTATION_CONTEXT ( 'NONE', 'WORKASPACE' ) );
#1948 = CARTESIAN_POINT ( 'NONE',  ( -5.080000000000000071, 13.00000000000000178, -1.014999999999999680 ) ) ;
#1949 = ADVANCED_FACE ( 'NONE', ( #2233 ), #1320, .T. ) ;
#1950 = VERTEX_POINT ( 'NONE', #1872 ) ;
#1951 = FACE_OUTER_BOUND ( 'NONE', #1444, .T. ) ;
#1952 = EDGE_CURVE ( 'NONE', #1932, #1727, #1470, .T. ) ;
#1953 = VERTEX_POINT ( 'NONE', #474 ) ;
#1954 = EDGE_CURVE ( 'NONE', #1573, #438, #766, .T. ) ;
#1955 = LINE ( 'NONE', #2100, #1217 ) ;
#1956 = CARTESIAN_POINT ( 'NONE',  ( 2.135000000000001119, -6.192234283457061542E-17, 0.4049999999999995826 ) ) ;
#1957 = DIRECTION ( 'NONE',  ( 3.747250136701582415E-16, 1.000000000000000000, -0.000000000000000000 ) ) ;
#1958 = EDGE_CURVE ( 'NONE', #103, #2200, #1526, .T. ) ;
#1959 = ORIENTED_EDGE ( 'NONE', *, *, #633, .F. ) ;
#1960 = VECTOR ( 'NONE', #775, 1000.000000000000000 ) ;
#1961 = PLANE ( 'NONE',  #2048 ) ;
#1962 = DIRECTION ( 'NONE',  ( -0.000000000000000000, 5.005171518229332485E-17, -1.000000000000000000 ) ) ;
#1963 = VERTEX_POINT ( 'NONE', #1499 ) ;
#1964 = LINE ( 'NONE', #1591, #1242 ) ;
#1965 = VERTEX_POINT ( 'NONE', #578 ) ;
#1966 = LINE ( 'NONE', #748, #428 ) ;
#1967 = DIRECTION ( 'NONE',  ( 1.000000000000000000, -3.747250136701582908E-16, -0.000000000000000000 ) ) ;
#1968 = EDGE_LOOP ( 'NONE', ( #318, #319, #1017, #2222 ) ) ;
#1969 = VECTOR ( 'NONE', #530, 1000.000000000000000 ) ;
#1970 = EDGE_LOOP ( 'NONE', ( #1103, #1109, #1463, #707 ) ) ;
#1971 = LINE ( 'NONE', #1790, #1987 ) ;
#1972 = AXIS2_PLACEMENT_3D ( 'NONE', #1142, #1220, #1339 ) ;
#1973 = CARTESIAN_POINT ( 'NONE',  ( -2.580000000000000071, 12.00000000000000000, -1.015000000000000124 ) ) ;
#1974 = CARTESIAN_POINT ( 'NONE',  ( -4.880469490908097896, 13.00000000000000888, 2.285000000000000142 ) ) ;
#1975 = LINE ( 'NONE', #2055, #445 ) ;
#1976 = FACE_OUTER_BOUND ( 'NONE', #1077, .T. ) ;
#1977 = EDGE_CURVE ( 'NONE', #1489, #375, #1478, .T. ) ;
#1978 = VECTOR ( 'NONE', #1266, 1000.000000000000000 ) ;
#1979 = CARTESIAN_POINT ( 'NONE',  ( -2.135000000000000231, 3.727404789636499042E-17, 0.4049999999999995826 ) ) ;
#1980 = EDGE_CURVE ( 'NONE', #2240, #1137, #1474, .T. ) ;
#1981 = LINE ( 'NONE', #71, #425 ) ;
#1982 = DIRECTION ( 'NONE',  ( -0.000000000000000000, 1.000000000000000000, 4.336808689942013792E-16 ) ) ;
#1983 = DIRECTION ( 'NONE',  ( -1.000000000000000000, -0.000000000000000000, -0.000000000000000000 ) ) ;
#1984 = LINE ( 'NONE', #1577, #484 ) ;
#1985 = DIRECTION ( 'NONE',  ( 1.000000000000000000, 0.000000000000000000, 0.000000000000000000 ) ) ;
#1986 = DIRECTION ( 'NONE',  ( -1.586637325588543158E-16, 1.000000000000000000, -0.000000000000000000 ) ) ;
#1987 = VECTOR ( 'NONE', #1983, 1000.000000000000000 ) ;
#1988 = DIRECTION ( 'NONE',  ( 1.000000000000000000, 1.384087879768729364E-16, -0.000000000000000000 ) ) ;
#1989 = LINE ( 'NONE', #1238, #1252 ) ;
#1990 =( NAMED_UNIT ( * ) PLANE_ANGLE_UNIT ( ) SI_UNIT ( $, .RADIAN. ) );
#1991 = AXIS2_PLACEMENT_3D ( 'NONE', #693, #310, #152 ) ;
#1992 =( NAMED_UNIT ( * ) SI_UNIT ( $, .STERADIAN. ) SOLID_ANGLE_UNIT ( ) );
#1993 = UNCERTAINTY_MEASURE_WITH_UNIT (LENGTH_MEASURE( 1.000000000000000082E-05 ), #743, 'distance_accuracy_value', 'NONE');
#1994 = FACE_OUTER_BOUND ( 'NONE', #1968, .T. ) ;
#1995 = AXIS2_PLACEMENT_3D ( 'NONE', #1759, #253, #1318 ) ;
#1996 = CARTESIAN_POINT ( 'NONE',  ( 1.905000000000000915, -9.008921921495973845E-17, 0.7849999999999996980 ) ) ;
#1997 = VECTOR ( 'NONE', #571, 1000.000000000000114 ) ;
#1998 = CARTESIAN_POINT ( 'NONE',  ( -2.334999999999999076, -9.599999999999999645, 0.4049999999999995826 ) ) ;
#1999 = EDGE_CURVE ( 'NONE', #747, #1881, #729, .T. ) ;
#2000 = DIRECTION ( 'NONE',  ( -6.196543734996283899E-16, 1.000000000000000000, 0.000000000000000000 ) ) ;
#2001 = VECTOR ( 'NONE', #2113, 1000.000000000000000 ) ;
#2002 = PLANE ( 'NONE',  #153 ) ;
#2003 = CARTESIAN_POINT ( 'NONE',  ( -0.6350000000000001199, 4.099999999999999645, 0.4049999999999995826 ) ) ;
#2004 = VECTOR ( 'NONE', #1663, 1000.000000000000000 ) ;
#2005 = EDGE_CURVE ( 'NONE', #1727, #1932, #2239, .T. ) ;
#2006 = DIRECTION ( 'NONE',  ( 1.000000000000000000, 0.000000000000000000, 0.000000000000000000 ) ) ;
#2007 = LINE ( 'NONE', #118, #526 ) ;
#2008 = ADVANCED_FACE ( 'NONE', ( #15 ), #1295, .F. ) ;
#2009 = LINE ( 'NONE', #1604, #482 ) ;
#2010 = DIRECTION ( 'NONE',  ( 0.000000000000000000, -5.005171518229332485E-17, 1.000000000000000000 ) ) ;
#2011 = LINE ( 'NONE', #899, #1941 ) ;
#2012 = DIRECTION ( 'NONE',  ( 0.000000000000000000, 0.000000000000000000, 1.000000000000000000 ) ) ;
#2013 = LINE ( 'NONE', #812, #1300 ) ;
#2014 = CARTESIAN_POINT ( 'NONE',  ( -5.080000000000000959, 19.50000000000000000, -1.014999999999999680 ) ) ;
#2015 = AXIS2_PLACEMENT_3D ( 'NONE', #2176, #1988, #751 ) ;
#2016 = DIRECTION ( 'NONE',  ( 0.000000000000000000, -1.000000000000000000, 1.365923996832131412E-15 ) ) ;
#2017 = DIRECTION ( 'NONE',  ( 1.057758217059028854E-16, -1.000000000000000000, -0.000000000000000000 ) ) ;
#2018 = DIRECTION ( 'NONE',  ( 1.000000000000000000, 0.000000000000000000, 0.000000000000000000 ) ) ;
#2019 = VECTOR ( 'NONE', #497, 1000.000000000000000 ) ;
#2020 = EDGE_CURVE ( 'NONE', #365, #1755, #774, .T. ) ;
#2021 = LINE ( 'NONE', #483, #2019 ) ;
#2022 = EDGE_CURVE ( 'NONE', #1714, #1870, #1529, .T. ) ;
#2023 = LINE ( 'NONE', #580, #513 ) ;
#2024 = AXIS2_PLACEMENT_3D ( 'NONE', #1469, #256, #702 ) ;
#2025 = DIRECTION ( 'NONE',  ( -1.000000000000000000, 0.000000000000000000, 0.000000000000000000 ) ) ;
#2026 = CARTESIAN_POINT ( 'NONE',  ( -5.080000000000000071, 13.00000000000000178, -2.285000000000000142 ) ) ;
#2027 = FACE_OUTER_BOUND ( 'NONE', #994, .T. ) ;
#2028 = AXIS2_PLACEMENT_3D ( 'NONE', #107, #1886, #1496 ) ;
#2029 = DIRECTION ( 'NONE',  ( -1.586637325588543158E-16, 1.000000000000000000, -0.000000000000000000 ) ) ;
#2030 = DIRECTION ( 'NONE',  ( -1.384087879768729364E-16, 1.000000000000000000, -0.000000000000000000 ) ) ;
#2031 = DIRECTION ( 'NONE',  ( -0.04345371644180891918, 0.08707341902108689524, 0.9952537335912752248 ) ) ;
#2032 = LINE ( 'NONE', #883, #2054 ) ;
#2033 = LINE ( 'NONE', #532, #2036 ) ;
#2034 = DIRECTION ( 'NONE',  ( 0.000000000000000000, 0.000000000000000000, 1.000000000000000000 ) ) ;
#2035 = CARTESIAN_POINT ( 'NONE',  ( 5.080000000000000071, 13.00000000000000355, -1.015000000000000124 ) ) ;
#2036 = VECTOR ( 'NONE', #517, 1000.000000000000000 ) ;
#2037 = SURFACE_SIDE_STYLE ('',( #682 ) ) ;
#2038 = DIRECTION ( 'NONE',  ( 0.000000000000000000, -1.000000000000000000, -5.005171518229332485E-17 ) ) ;
#2039 = AXIS2_PLACEMENT_3D ( 'NONE', #1624, #2038, #251 ) ;
#2040 = LINE ( 'NONE', #800, #498 ) ;
#2041 = DIRECTION ( 'NONE',  ( 0.000000000000000000, 0.000000000000000000, 1.000000000000000000 ) ) ;
#2042 = EDGE_CURVE ( 'NONE', #692, #271, #1501, .T. ) ;
#2043 = LINE ( 'NONE', #1069, #534 ) ;
#2044 = LINE ( 'NONE', #823, #1244 ) ;
#2045 = EDGE_CURVE ( 'NONE', #271, #1963, #1497, .T. ) ;
#2046 = VECTOR ( 'NONE', #120, 1000.000000000000000 ) ;
#2047 = EDGE_CURVE ( 'NONE', #1897, #1893, #755, .T. ) ;
#2048 = AXIS2_PLACEMENT_3D ( 'NONE', #2246, #1205, #2050 ) ;
#2049 = VECTOR ( 'NONE', #291, 1000.000000000000000 ) ;
#2050 = DIRECTION ( 'NONE',  ( -1.057758217059028731E-16, 1.000000000000000000, 0.000000000000000000 ) ) ;
#2051 = CARTESIAN_POINT ( 'NONE',  ( 1.905000000000000471, 4.099999999999999645, 0.7849999999999996980 ) ) ;
#2052 = DIRECTION ( 'NONE',  ( -0.000000000000000000, -0.000000000000000000, -1.000000000000000000 ) ) ;
#2053 = DIRECTION ( 'NONE',  ( -0.000000000000000000, 5.005171518229332485E-17, -1.000000000000000000 ) ) ;
#2054 = VECTOR ( 'NONE', #1257, 1000.000000000000000 ) ;
#2055 = CARTESIAN_POINT ( 'NONE',  ( 3.273116995367965743, 12.00000000000000000, -1.015000000000000124 ) ) ;
#2056 = ADVANCED_FACE ( 'NONE', ( #2243 ), #409, .T. ) ;
#2057 = LINE ( 'NONE', #894, #548 ) ;
#2058 = EDGE_CURVE ( 'NONE', #1690, #178, #749, .T. ) ;
#2059 = LINE ( 'NONE', #1006, #1268 ) ;
#2060 = COLOUR_RGB ( '',0.7921568627450980005, 0.8196078431372548767, 0.9333333333333333481 ) ;
#2061 = DIRECTION ( 'NONE',  ( -1.057758217059028731E-16, 1.000000000000000000, 0.000000000000000000 ) ) ;
#2062 = DIRECTION ( 'NONE',  ( 0.9981347984218670311, 0.06104853953485692153, 3.055584113093632597E-18 ) ) ;
#2063 = EDGE_CURVE ( 'NONE', #1919, #249, #757, .T. ) ;
#2064 = CARTESIAN_POINT ( 'NONE',  ( -1.904999999999999805, 1.797945538012797575E-16, 0.4049999999999995826 ) ) ;
#2065 = DIRECTION ( 'NONE',  ( 1.384087879768729364E-16, -1.000000000000000000, -0.000000000000000000 ) ) ;
#2066 = VECTOR ( 'NONE', #607, 1000.000000000000000 ) ;
#2067 = ADVANCED_FACE ( 'NONE', ( #779 ), #817, .T. ) ;
#2068 = PRODUCT_DEFINITION_CONTEXT ( 'detailed design', #1443, 'design' ) ;
#2069 = LINE ( 'NONE', #1221, #2066 ) ;
#2070 = EDGE_CURVE ( 'NONE', #1953, #361, #1546, .T. ) ;
#2071 = DIRECTION ( 'NONE',  ( 0.06104853953485692153, -0.9981347984218670311, 0.000000000000000000 ) ) ;
#2072 = LINE ( 'NONE', #312, #1338 ) ;
#2073 = CARTESIAN_POINT ( 'NONE',  ( -3.273116995367965743, 12.00000000000000000, -1.015000000000000124 ) ) ;
#2074 = CARTESIAN_POINT ( 'NONE',  ( 0.5999999999999997558, 11.09999999999999964, 2.184999999999999609 ) ) ;
#2075 = VECTOR ( 'NONE', #2088, 1000.000000000000000 ) ;
#2076 =( NAMED_UNIT ( * ) SI_UNIT ( $, .STERADIAN. ) SOLID_ANGLE_UNIT ( ) );
#2077 = CARTESIAN_POINT ( 'NONE',  ( -2.134999999999998899, -9.399999999999998579, 0.7849999999999996980 ) ) ;
#2078 = VECTOR ( 'NONE', #1170, 1000.000000000000114 ) ;
#2079 = VECTOR ( 'NONE', #2030, 1000.000000000000000 ) ;
#2080 = MANIFOLD_SOLID_BREP ( 'Boss-Extrude2', #1201 ) ;
#2081 = EDGE_CURVE ( 'NONE', #1198, #449, #1571, .T. ) ;
#2082 = ADVANCED_FACE ( 'NONE', ( #813 ), #1961, .F. ) ;
#2083 = DIRECTION ( 'NONE',  ( -0.04361938736533276656, 0.000000000000000000, 0.9990482215818579093 ) ) ;
#2084 = FACE_OUTER_BOUND ( 'NONE', #1724, .T. ) ;
#2085 = CARTESIAN_POINT ( 'NONE',  ( -2.334999999999999076, -9.599999999999999645, 0.7849999999999996980 ) ) ;
#2086 = LINE ( 'NONE', #42, #2098 ) ;
#2087 = EDGE_CURVE ( 'NONE', #2242, #1866, #845, .T. ) ;
#2088 = DIRECTION ( 'NONE',  ( -1.000000000000000000, -0.000000000000000000, -0.000000000000000000 ) ) ;
#2089 = DIRECTION ( 'NONE',  ( 1.000000000000000000, 1.057758217059028731E-16, -0.000000000000000000 ) ) ;
#2090 = PLANE ( 'NONE',  #1048 ) ;
#2091 = FACE_OUTER_BOUND ( 'NONE', #232, .T. ) ;
#2092 = EDGE_CURVE ( 'NONE', #1853, #1178, #82, .T. ) ;
#2093 = FACE_OUTER_BOUND ( 'NONE', #1122, .T. ) ;
#2094 = CARTESIAN_POINT ( 'NONE',  ( 0.6350000000000007860, 6.544092427675418123E-17, 0.4049999999999995826 ) ) ;
#2095 = FACE_BOUND ( 'NONE', #940, .T. ) ;
#2096 = DIRECTION ( 'NONE',  ( 1.057758217059028854E-16, -1.000000000000000000, -0.000000000000000000 ) ) ;
#2097 = ADVANCED_FACE ( 'NONE', ( #1561 ), #535, .F. ) ;
#2098 = VECTOR ( 'NONE', #745, 1000.000000000000114 ) ;
#2099 = DIRECTION ( 'NONE',  ( 0.000000000000000000, -1.000000000000000000, -5.005171518229332485E-17 ) ) ;
#2100 = CARTESIAN_POINT ( 'NONE',  ( 2.580000000000000071, 13.00000000000000178, -2.284999999999999254 ) ) ;
#2101 = LINE ( 'NONE', #666, #1368 ) ;
#2102 =( GEOMETRIC_REPRESENTATION_CONTEXT ( 3 ) GLOBAL_UNCERTAINTY_ASSIGNED_CONTEXT ( ( #1403 ) ) GLOBAL_UNIT_ASSIGNED_CONTEXT ( ( #931, #434, #2188 ) ) REPRESENTATION_CONTEXT ( 'NONE', 'WORKASPACE' ) );
#2103 = DIRECTION ( 'NONE',  ( 0.7071067811865483499, 0.7071067811865467956, -0.000000000000000000 ) ) ;
#2104 = FACE_OUTER_BOUND ( 'NONE', #1784, .T. ) ;
#2105 = AXIS2_PLACEMENT_3D ( 'NONE', #1637, #1651, #1269 ) ;
#2106 = CARTESIAN_POINT ( 'NONE',  ( -4.848935250795226359, 4.294421931188918684, 3.007252842293202555 ) ) ;
#2107 = VECTOR ( 'NONE', #1608, 1000.000000000000000 ) ;
#2108 = DIRECTION ( 'NONE',  ( -1.224646799147351975E-16, 1.000000000000000000, 0.000000000000000000 ) ) ;
#2109 = PLANE ( 'NONE',  #1676 ) ;
#2110 = EDGE_CURVE ( 'NONE', #308, #1963, #1552, .T. ) ;
#2111 = LINE ( 'NONE', #1316, #2078 ) ;
#2112 = AXIS2_PLACEMENT_3D ( 'NONE', #1296, #2108, #1451 ) ;
#2113 = DIRECTION ( 'NONE',  ( 1.384087879768729364E-16, -1.000000000000000000, -0.000000000000000000 ) ) ;
#2114 = EDGE_CURVE ( 'NONE', #1853, #1130, #1549, .T. ) ;
#2115 = CARTESIAN_POINT ( 'NONE',  ( 2.945000000000002061, -9.399999999999998579, 0.7849999999999996980 ) ) ;
#2116 = LINE ( 'NONE', #696, #2179 ) ;
#2117 = PLANE ( 'NONE',  #1995 ) ;
#2118 = VECTOR ( 'NONE', #762, 1000.000000000000000 ) ;
#2119 = FACE_OUTER_BOUND ( 'NONE', #1146, .T. ) ;
#2120 = CARTESIAN_POINT ( 'NONE',  ( 3.529999999999999805, 7.800000000000001599, -1.015000000000000124 ) ) ;
#2121 = FACE_OUTER_BOUND ( 'NONE', #392, .T. ) ;
#2122 = ADVANCED_FACE ( 'NONE', ( #1588 ), #1515, .F. ) ;
#2123 = CARTESIAN_POINT ( 'NONE',  ( 2.580000000000000071, 12.00000000000000000, -1.015000000000000124 ) ) ;
#2124 = AXIS2_PLACEMENT_3D ( 'NONE', #1292, #815, #619 ) ;
#2125 = CARTESIAN_POINT ( 'NONE',  ( -3.175000000000000266, 2.426441030956585629E-17, 0.7849999999999996980 ) ) ;
#2126 = CARTESIAN_POINT ( 'NONE',  ( 0.6350000000000007860, 6.544092427675418123E-17, 0.7849999999999996980 ) ) ;
#2127 = DIRECTION ( 'NONE',  ( 0.000000000000000000, 0.000000000000000000, -1.000000000000000000 ) ) ;
#2128 = VECTOR ( 'NONE', #1986, 1000.000000000000000 ) ;
#2129 = EDGE_CURVE ( 'NONE', #12, #714, #95, .T. ) ;
#2130 = VECTOR ( 'NONE', #1939, 1000.000000000000000 ) ;
#2131 = EDGE_CURVE ( 'NONE', #782, #2, #90, .T. ) ;
#2132 = DIRECTION ( 'NONE',  ( 0.000000000000000000, -0.000000000000000000, -1.000000000000000000 ) ) ;
#2133 = VECTOR ( 'NONE', #106, 1000.000000000000000 ) ;
#2134 =( NAMED_UNIT ( * ) SI_UNIT ( $, .STERADIAN. ) SOLID_ANGLE_UNIT ( ) );
#2135 = VECTOR ( 'NONE', #704, 1000.000000000000000 ) ;
#2136 = COLOUR_RGB ( '',0.7921568627450980005, 0.8196078431372548767, 0.9333333333333333481 ) ;
#2137 = LINE ( 'NONE', #689, #2135 ) ;
#2138 = PLANE ( 'NONE',  #236 ) ;
#2139 = CARTESIAN_POINT ( 'NONE',  ( 5.080000000000000071, 2.378026107176749965E-16, -2.285000000000366072 ) ) ;
#2140 = FACE_OUTER_BOUND ( 'NONE', #216, .T. ) ;
#2141 = ADVANCED_FACE ( 'NONE', ( #99 ), #1574, .F. ) ;
#2142 = VECTOR ( 'NONE', #1299, 1000.000000000000000 ) ;
#2143 = CARTESIAN_POINT ( 'NONE',  ( 3.529999999999999805, 7.800000000000001599, -1.015000000000000124 ) ) ;
#2144 = VECTOR ( 'NONE', #147, 1000.000000000000000 ) ;
#2145 = LINE ( 'NONE', #2229, #661 ) ;
#2146 = CARTESIAN_POINT ( 'NONE',  ( 0.6350000000000001199, 4.099999999999999645, 0.4049999999999995826 ) ) ;
#2147 = LINE ( 'NONE', #1342, #646 ) ;
#2148 = LINE ( 'NONE', #330, #643 ) ;
#2149 = DIRECTION ( 'NONE',  ( 0.000000000000000000, 0.000000000000000000, -1.000000000000000000 ) ) ;
#2150 = LINE ( 'NONE', #221, #657 ) ;
#2151 = FACE_BOUND ( 'NONE', #1808, .T. ) ;
#2152 = EDGE_CURVE ( 'NONE', #339, #1475, #808, .T. ) ;
#2153 = CARTESIAN_POINT ( 'NONE',  ( -2.944999999999998952, -9.399999999999998579, 0.7849999999999996980 ) ) ;
#2154 = LINE ( 'NONE', #1323, #695 ) ;
#2155 = LINE ( 'NONE', #1707, #655 ) ;
#2156 = EDGE_CURVE ( 'NONE', #799, #1163, #1610, .T. ) ;
#2157 = CARTESIAN_POINT ( 'NONE',  ( 0.6350000000000001199, 4.099999999999999645, 0.7849999999999996980 ) ) ;
#2158 = LINE ( 'NONE', #348, #2144 ) ;
#2159 = ADVANCED_FACE ( 'NONE', ( #820 ), #163, .T. ) ;
#2160 = EDGE_CURVE ( 'NONE', #1852, #1864, #850, .T. ) ;
#2161 = CARTESIAN_POINT ( 'NONE',  ( 0.4050000000000004152, 3.727404789636499658E-17, 0.7849999999999996980 ) ) ;
#2162 = LINE ( 'NONE', #771, #2168 ) ;
#2163 = PLANE ( 'NONE',  #1693 ) ;
#2164 = VECTOR ( 'NONE', #1700, 1000.000000000000000 ) ;
#2165 = EDGE_CURVE ( 'NONE', #2, #1830, #1541, .T. ) ;
#2166 = CARTESIAN_POINT ( 'NONE',  ( -4.880469490908097896, 4.231232995288885412, 2.284999999999999698 ) ) ;
#2167 = FACE_OUTER_BOUND ( 'NONE', #1782, .T. ) ;
#2168 = VECTOR ( 'NONE', #1503, 1000.000000000000000 ) ;
#2169 = FACE_OUTER_BOUND ( 'NONE', #1615, .T. ) ;
#2170 = DIRECTION ( 'NONE',  ( -2.115516434118057709E-16, 1.000000000000000000, -0.000000000000000000 ) ) ;
#2171 = VECTOR ( 'NONE', #919, 1000.000000000000000 ) ;
#2172 = FILL_AREA_STYLE_COLOUR ( '', #722 ) ;
#2173 = LINE ( 'NONE', #19, #2130 ) ;
#2174 = AXIS2_PLACEMENT_3D ( 'NONE', #936, #2062, #1545 ) ;
#2175 = ADVANCED_FACE ( 'NONE', ( #28 ), #1044, .F. ) ;
#2176 = CARTESIAN_POINT ( 'NONE',  ( -0.4049999999999982503, -9.399999999999998579, 0.7849999999999996980 ) ) ;
#2177 = CIRCLE ( 'NONE', #863, 0.5999999999999999778 ) ;
#2178 = DIRECTION ( 'NONE',  ( -9.227252531791530324E-17, 1.000000000000000000, -0.000000000000000000 ) ) ;
#2179 = VECTOR ( 'NONE', #112, 1000.000000000000000 ) ;
#2180 = EDGE_CURVE ( 'NONE', #1027, #1581, #50, .T. ) ;
#2181 = VECTOR ( 'NONE', #2018, 1000.000000000000000 ) ;
#2182 = FACE_OUTER_BOUND ( 'NONE', #1483, .T. ) ;
#2183 = CARTESIAN_POINT ( 'NONE',  ( -2.945000000000000284, -6.192234283457061542E-17, 0.4049999999999995826 ) ) ;
#2184 = VECTOR ( 'NONE', #1662, 1000.000000000000000 ) ;
#2185 = SURFACE_STYLE_FILL_AREA ( #734 ) ;
#2186 = DIRECTION ( 'NONE',  ( -0.06104853953485692153, -0.9981347984218670311, 0.000000000000000000 ) ) ;
#2187 = PRESENTATION_LAYER_ASSIGNMENT (  '', '', ( #986 ) ) ;
#2188 =( NAMED_UNIT ( * ) SI_UNIT ( $, .STERADIAN. ) SOLID_ANGLE_UNIT ( ) );
#2189 = EDGE_CURVE ( 'NONE', #738, #2242, #55, .T. ) ;
#2190 = DIRECTION ( 'NONE',  ( 1.000000000000000000, -0.000000000000000000, -0.000000000000000000 ) ) ;
#2191 = LINE ( 'NONE', #1454, #1424 ) ;
#2192 = LINE ( 'NONE', #1203, #1369 ) ;
#2193 = CARTESIAN_POINT ( 'NONE',  ( 4.945960905270862185, 4.099999999999999645, 0.7850000000000003642 ) ) ;
#2194 = CARTESIAN_POINT ( 'NONE',  ( 0.000000000000000000, 0.000000000000000000, -2.284999999999999254 ) ) ;
#2195 = LINE ( 'NONE', #2014, #1399 ) ;
#2196 = ORIENTED_EDGE ( 'NONE', *, *, #1179, .F. ) ;
#2197 = ORIENTED_EDGE ( 'NONE', *, *, #1330, .T. ) ;
#2198 = DIRECTION ( 'NONE',  ( -0.000000000000000000, 1.000000000000000000, 4.336808689942013792E-16 ) ) ;
#2199 = LINE ( 'NONE', #960, #2184 ) ;
#2200 = VERTEX_POINT ( 'NONE', #549 ) ;
#2201 = AXIS2_PLACEMENT_3D ( 'NONE', #195, #2099, #70 ) ;
#2202 = DIRECTION ( 'NONE',  ( 1.000000000000000000, 1.057758217059028731E-16, -0.000000000000000000 ) ) ;
#2203 = LINE ( 'NONE', #1688, #642 ) ;
#2204 = DIRECTION ( 'NONE',  ( -1.000000000000000000, -0.000000000000000000, -0.000000000000000000 ) ) ;
#2205 = ORIENTED_EDGE ( 'NONE', *, *, #1209, .T. ) ;
#2206 = EDGE_CURVE ( 'NONE', #378, #1519, #64, .T. ) ;
#2207 = CARTESIAN_POINT ( 'NONE',  ( -2.580000000000000071, 13.00000000000000178, -1.014999999999999680 ) ) ;
#2208 = FACE_OUTER_BOUND ( 'NONE', #349, .T. ) ;
#2209 = ORIENTED_EDGE ( 'NONE', *, *, #538, .T. ) ;
#2210 = DIRECTION ( 'NONE',  ( 0.06104853953485692153, 0.9981347984218670311, -0.000000000000000000 ) ) ;
#2211 = ORIENTED_EDGE ( 'NONE', *, *, #1743, .F. ) ;
#2212 = CARTESIAN_POINT ( 'NONE',  ( -2.580000000000000071, 12.00000000000000000, -1.015000000000000124 ) ) ;
#2213 = DIRECTION ( 'NONE',  ( 1.000000000000000000, -0.000000000000000000, -0.000000000000000000 ) ) ;
#2214 = LINE ( 'NONE', #1285, #716 ) ;
#2215 = VERTEX_POINT ( 'NONE', #2223 ) ;
#2216 = EDGE_CURVE ( 'NONE', #1852, #438, #792, .T. ) ;
#2217 = DIRECTION ( 'NONE',  ( 0.000000000000000000, 0.000000000000000000, -1.000000000000000000 ) ) ;
#2218 = VECTOR ( 'NONE', #1804, 1000.000000000000114 ) ;
#2219 = ORIENTED_EDGE ( 'NONE', *, *, #1259, .T. ) ;
#2220 = CARTESIAN_POINT ( 'NONE',  ( 5.080000000000000071, 13.00000000000000178, -1.014999999999999680 ) ) ;
#2221 = CARTESIAN_POINT ( 'NONE',  ( -0.6349999999999996758, -9.008921921495973845E-17, 0.7849999999999996980 ) ) ;
#2222 = ORIENTED_EDGE ( 'NONE', *, *, #1806, .T. ) ;
#2223 = CARTESIAN_POINT ( 'NONE',  ( 3.175000000000000711, 4.099999999999999645, 0.4049999999999995826 ) ) ;
#2224 = ORIENTED_EDGE ( 'NONE', *, *, #500, .T. ) ;
#2225 = CARTESIAN_POINT ( 'NONE',  ( 5.080000000000000071, 4.099999999999999645, 0.4050000000000003597 ) ) ;
#2226 = CARTESIAN_POINT ( 'NONE',  ( -0.4049999999999995270, -6.192234283457061542E-17, 0.4049999999999995826 ) ) ;
#2227 = AXIS2_PLACEMENT_3D ( 'NONE', #550, #1774, #1568 ) ;
#2228 = VECTOR ( 'NONE', #909, 1000.000000000000000 ) ;
#2229 = CARTESIAN_POINT ( 'NONE',  ( -0.4049999999999982503, -9.399999999999998579, 0.7849999999999996980 ) ) ;
#2230 = ORIENTED_EDGE ( 'NONE', *, *, #1593, .F. ) ;
#2231 = ADVANCED_FACE ( 'NONE', ( #68 ), #1730, .T. ) ;
#2232 = DIRECTION ( 'NONE',  ( -0.000000000000000000, -0.000000000000000000, -1.000000000000000000 ) ) ;
#2233 = FACE_OUTER_BOUND ( 'NONE', #124, .T. ) ;
#2234 = DIRECTION ( 'NONE',  ( 0.000000000000000000, 1.000000000000000000, 0.000000000000000000 ) ) ;
#2235 = EDGE_CURVE ( 'NONE', #1095, #1111, #830, .T. ) ;
#2236 = ORIENTED_EDGE ( 'NONE', *, *, #182, .F. ) ;
#2237 = DIRECTION ( 'NONE',  ( 1.057758217059028854E-16, -1.000000000000000000, -0.000000000000000000 ) ) ;
#2238 = DIRECTION ( 'NONE',  ( -1.000000000000000000, 0.000000000000000000, 0.000000000000000000 ) ) ;
#2239 = CIRCLE ( 'NONE', #1674, 0.5999999999999999778 ) ;
#2240 = VERTEX_POINT ( 'NONE', #681 ) ;
#2241 = EDGE_CURVE ( 'NONE', #126, #420, #836, .T. ) ;
#2242 = VERTEX_POINT ( 'NONE', #1913 ) ;
#2243 = FACE_OUTER_BOUND ( 'NONE', #725, .T. ) ;
#2244 = VERTEX_POINT ( 'NONE', #1548 ) ;
#2245 =( LENGTH_UNIT ( ) NAMED_UNIT ( * ) SI_UNIT ( .MILLI., .METRE. ) );
#2246 = CARTESIAN_POINT ( 'NONE',  ( -3.175000000000000266, 2.426441030956585629E-17, 0.7849999999999996980 ) ) ;
#2247 = VECTOR ( 'NONE', #1441, 1000.000000000000000 ) ;
#2248 = DIRECTION ( 'NONE',  ( -1.000000000000000000, 0.000000000000000000, 0.000000000000000000 ) ) ;
#2249 = EDGE_LOOP ( 'NONE', ( #1086, #1807, #756, #741 ) ) ;
#2250 = DIRECTION ( 'NONE',  ( -1.000000000000000000, -1.586637325588543158E-16, 0.000000000000000000 ) ) ;
#2251 = VECTOR ( 'NONE', #2232, 1000.000000000000000 ) ;
#2252 = VERTEX_POINT ( 'NONE', #1712 ) ;
ENDSEC;
END-ISO-10303-21;
